Season,Name,Tm,PA,playerId,MLBAMID,playerNameASCII,G,AB,H,1B,2B,3B,HR,R,RBI,BB,IBB,SO,HBP,SF,SH,GDP,SB,CS,AVG,BB%,K%,BB/K,OBP,SLG,OPS,ISO,BABIP,wRC,wRAA,wOBA,wRC+,GB/FB,LD%,GB%,FB%,IFFB%,HR/FB,IFH%,BUH%,Pull%,Cent%,Oppo%,Soft%,Med%,Hard%,Events,EV,maxEV,LA,Barrels,Barrel%,HardHit,HardHit%,xBA,xSLG,xwOBA,CompSw,BatSpd,FastSw%,SwgLng,SqUpCon%,SqUpSw%,BlastCon%,BlastSw%,Tilt,AtkAng,AtkDir,IdealAtkAng%,O-Swing%,Z-Swing%,Swing%,O-Contact%,Z-Contact%,Contact%,Zone%,F-Strike%,SwStr%,CStr%,CSW%,Pace
2023,Jose Altuve,HOU,367,5417,514888,Jose Altuve,80,322,102,67,17,2,16,68,49,40,0,66,4,1,0,9,10,1,0.316770186,0.108991825,0.179836512,0.606060606,0.397820163,0.5310559,0.928876063,0.214285714,0.356846473,69.11188539173946,24.395071358052355,0.3984122490687981,157.6917214674771,1.48192771,0.182539682,0.488095238,0.329365079,0.156626506,0.192771084,0.113821138,0.8,0.50583658,0.3229572,0.17120623,0.19066148,0.54085603,0.26848249,257,85.61627015613374,109.4,11.571428571428571,21,0.08171206,80,0.31128405,0.23537914160852294,0.41365834462893053,0.3263606912350852,400,70.48990746498107,0.1625,7.732426491975784,0.31940299,0.2675,0.11940299,0.1,31.997480201721192,16.680592196285726,-1.5267108842916786,0.465,0.31748072,0.5993538,0.44237652,0.73684211,0.88948787,0.82847896,0.44309234,0.60217984,0.07587688,0.18324982,0.2591267,18.96689387
2023,Charlie Blackmon,COL,331,7859,453568,Charlie Blackmon,72,290,79,48,19,5,7,47,36,30,0,44,7,4,0,4,4,0,0.272413793,0.090634441,0.132930513,0.681818181,0.350453172,0.444827586,0.795280758,0.172413793,0.296296296,47.342647667044865,7.012224110776651,0.34388323222762507,102.32355988996773,0.92,0.232,0.368,0.4,0.17,0.07,0.04347826,0,0.444,0.344,0.212,0.18,0.5,0.32,250,86.6811999053955,108.5,18.116,12,0.048,82,0.328,0.26927507332494033,0.41018395149149,0.3361026834340603,243,66.87474471355172,0.01234568,7.049460010764039,0.35323383,0.29218107,0.11442786,0.09465021,32.0940813880889,8.000204034755198,3.3754222464169006,0.51851852,0.29537954,0.65302782,0.47493837,0.70391061,0.89724311,0.83737024,0.50205423,0.57099698,0.07723911,0.16680362,0.24404273,17.45506257
2023,Donovan Solano,MIN,107,8623,456781,Donovan Solano,28,93,30,22,6,0,2,10,10,10,0,25,4,0,0,1,0,0,0.322580645,0.093457943,0.233644859,0.4,0.411214953,0.451612903,0.862827856,0.129032258,0.424242424,18.588024724917183,5.550697472588789,0.3808375106793698,144.15789856364225,1.9375,0.308823529,0.455882352,0.235294117,0,0.125,0.064516129,0,0.42647059,0.38235294,0.19117647,0.16176471,0.45588235,0.38235294,68,89.0294117086074,108,11.617647058823529,5,0.07352941,29,0.42647059,0.3215650549428838,0.48043522118060017,0.3910090758782925,62,68.15262899091167,0.06451613,7.049601308761105,0.44736842,0.27419355,0.26315789,0.16129032,37.084550611434445,8.891354059019397,-0.23368846504918991,0.27419355,0.31168831,0.64878049,0.47018349,0.59722222,0.83458647,0.75121951,0.47018349,0.6635514,0.11697248,0.1766055,0.29357798,18.04863222
2023,Andrew McCutchen,PIT,101,9847,457705,Andrew McCutchen,22,82,22,18,2,0,2,10,5,18,0,19,0,1,0,1,2,2,0.268292682,0.178217821,0.188118811,0.947368421,0.396039603,0.365853658,0.761893261,0.097560976,0.322580645,14.591627307069249,2.285365134310672,0.34562001960112315,115.09895778229628,0.807692307,0.265625,0.328125,0.40625,0.076923076,0.076923076,0.047619047,0,0.375,0.359375,0.265625,0.125,0.59375,0.28125,64,90.02343726158142,107,16.515625,4,0.0625,31,0.484375,0.25961821052677386,0.42867759138163997,0.3649810015772571,0,0,0,0,0,0,0,0,0,0,0,0,0.16810345,0.64251208,0.39179954,0.46153846,0.81954887,0.73837209,0.4715262,0.56435644,0.10250569,0.17312073,0.27562642,17.93786982
2023,DJ LeMahieu,NYY,260,9874,518934,DJ LeMahieu,58,226,53,35,8,2,8,32,21,31,0,56,2,1,0,7,2,1,0.234513274,0.119230769,0.215384615,0.553571428,0.33076923,0.393805309,0.724574539,0.159292035,0.276073619,31.892883504250356,0.21339672289163708,0.31936295559773076,103.46174610556264,1.88,0.157894736,0.549707602,0.29239766,0.1,0.16,0.031914893,0,0.3625731,0.34502924,0.29239766,0.16959064,0.47953216,0.35087719,171,89.55730966936078,110.5,4.385964912280702,11,0.06432749,77,0.4502924,0.24280389410802122,0.38467601730500606,0.3204379356259473,218,68.54705805297291,0.05045872,7.249706401737458,0.35106383,0.30275229,0.12765957,0.11009174,29.41030067478845,7.051489043126413,6.96979239688964,0.53211009,0.23428571,0.53432282,0.3862782,0.68292683,0.90972222,0.84184915,0.50657895,0.60769231,0.06109023,0.23778195,0.29887218,18.7633873
2023,Jurickson Profar,2 Tms,316,10815,595777,Jurickson Profar,69,276,61,43,13,0,5,29,20,31,0,58,6,2,0,5,1,0,0.221014492,0.098101265,0.183544303,0.534482758,0.311111111,0.322463768,0.633574879,0.101449276,0.260465116,29.986513745336026,-8.516247112007648,0.2859284796412029,63.95752581097255,1.096385542,0.209090909,0.413636363,0.377272727,0.120481927,0.060240963,0,0,0.48181818,0.32727273,0.19090909,0.16363636,0.50454545,0.33181818,221,86.84909100099044,108,15.245454545454546,7,0.03167421,68,0.30769231,0.23093474251006477,0.33109322918790646,0.29648146526383795,158,71.47869216339498,0.21518987,7.324803041506417,0.3255814,0.26582278,0.09302326,0.07594937,32.002488172506986,8.69149044533319,0.23488878373858296,0.5443038,0.2421875,0.6779661,0.46159814,0.61935484,0.88863636,0.81848739,0.50349108,0.62658228,0.08378588,0.15515904,0.23894492,17.94347379
2023,Whit Merrifield,TOR,135,11281,593160,Whit Merrifield,29,132,33,23,6,0,4,15,11,3,0,21,0,0,0,0,3,0,0.25,0.022222222,0.155555555,0.142857142,0.266666666,0.386363636,0.653030302,0.136363636,0.271028037,12.200448358810982,-4.248515931509891,0.28048149435608477,75.98007665781059,1.285714285,0.135135135,0.486486486,0.378378378,0.095238095,0.095238095,0.037037037,0,0.36036036,0.44144144,0.1981982,0.18018018,0.54054054,0.27927928,111,84.38288274541631,106.1,12.234234234234235,3,0.02702703,24,0.21621622,0.22005385981615153,0.31286403567752463,0.2398123311172067,218,65.13939178536792,0.01376147,6.939194731756088,0.35519126,0.29816514,0.05464481,0.04587156,33.32107894792469,11.297639180214032,-2.902548243266043,0.53211009,0.3507109,0.71814672,0.55319149,0.72972973,0.88709677,0.84230769,0.55106383,0.66666667,0.08723404,0.15319149,0.24042553,19.0238806
2023,Christian Yelich,MIL,555,11477,592885,Christian Yelich,123,486,140,89,32,1,18,95,73,66,5,116,2,1,0,12,25,3,0.288065843,0.118918918,0.209009009,0.568965517,0.374774774,0.469135802,0.843910576,0.181069959,0.345609065,88.3944817012061,20.77096184099807,0.36343782955949955,129.6463735312328,2.559523809,0.191891891,0.581081081,0.227027027,0.035714285,0.214285714,0.05116279,1,0.35849057,0.34501348,0.29649596,0.14285714,0.46630728,0.39083558,371,91.55609748033973,113.5,3.067750677506775,35,0.09433962,183,0.49326146,0.2752586532216135,0.4672420759354094,0.3598796940418825,407,73.62936093941953,0.3955774,7.389440220169705,0.30794702,0.22850123,0.18874172,0.14004914,36.46028655518478,7.763063062906851,-7.0005720239086875,0.40540541,0.25271059,0.67217899,0.44634037,0.54785479,0.84949349,0.75754527,0.46160754,0.57837838,0.10821733,0.1571621,0.26537943,18.0638806
2023,Jon Berti,MIA,89,12037,542932,Jon Berti,22,79,28,23,2,0,3,13,10,7,0,17,1,2,0,1,3,4,0.354430379,0.078651685,0.191011235,0.411764705,0.404494382,0.493670886,0.898165268,0.139240507,0.409836065,15.87709570928412,5.032963695665172,0.38646598612324573,143.01663733890686,1.523809523,0.171875,0.5,0.328125,0,0.142857142,0.25,0,0.3125,0.359375,0.328125,0.265625,0.453125,0.28125,64,85.63124948740005,106.2,3.0625,5,0.078125,16,0.25,0.26413692856985554,0.43611754195269525,0.332013017926993,18,72.4536861843533,0.33333333,7.434698422749837,0.30769231,0.22222222,0.15384615,0.11111111,29.12973901960585,2.4746138552824655,9.30877415339152,0.38888889,0.20979021,0.63888889,0.44891641,0.56666667,0.90434783,0.83448276,0.55727554,0.60674157,0.07430341,0.21671827,0.29102167,16.71861472
2023,Max Kepler,MIN,79,12144,596146,Max Kepler,18,66,14,9,2,0,3,11,8,9,0,13,2,2,0,0,0,1,0.212121212,0.11392405,0.164556962,0.692307692,0.316455696,0.378787878,0.695243574,0.166666666,0.211538461,8.80031339558474,-0.8253768187511795,0.3057946260971359,92.14403035680859,0.8,0.181818181,0.363636363,0.454545454,0.04,0.12,0.1,0,0.45454545,0.36363636,0.18181818,0.16363636,0.41818182,0.41818182,55,92.14000022194602,111,15.254545454545454,8,0.14545455,28,0.50909091,0.2782418603962993,0.5679306891644514,0.3944688113317884,0,0,0,0,0,0,0,0,0,0,0,0,0.25301205,0.67625899,0.44590164,0.66666667,0.92553191,0.84558824,0.4557377,0.60759494,0.06885246,0.16393443,0.23278689,18.18942731
2023,Xander Bogaerts,SDP,103,12161,593428,Xander Bogaerts,23,93,32,24,3,2,3,15,15,5,0,14,1,4,0,1,3,1,0.344086021,0.048543689,0.13592233,0.357142857,0.368932038,0.516129032,0.88506107,0.172043011,0.3625,17.09705119344643,4.547100660831246,0.37153104092310935,138.01583716293587,1.678571428,0.096385542,0.56626506,0.337349397,0.071428571,0.107142857,0.255319148,0,0.42168675,0.25301205,0.3253012,0.21686747,0.55421687,0.22891566,83,84.36024112012012,109.2,5.819277108433735,4,0.04819277,19,0.22891566,0.21169481577566995,0.3351827506564297,0.2576776859486132,72,69.62818039788141,0.06944444,7.145590980847676,0.31666667,0.26388889,0.08333333,0.06944444,33.772032817204796,10.127117375532785,-3.0496127837234073,0.625,0.26436782,0.55609756,0.42216359,0.73913043,0.88596491,0.84375,0.5408971,0.63106796,0.06596306,0.24538259,0.31134565,17.74452555
2023,Marcus Semien,TEX,753,12533,543760,Marcus Semien,162,670,185,112,40,4,29,122,100,72,1,110,5,5,0,5,14,3,0.276119402,0.095617529,0.146082337,0.654545454,0.348404255,0.47761194,0.826016195,0.201492538,0.291044776,114.17251355590692,22.423846069894946,0.35423160789809754,127.9111308224011,0.726235741,0.196460176,0.338053097,0.465486725,0.076045627,0.110266159,0.099476439,0,0.49380531,0.30442478,0.20176991,0.13120567,0.5248227,0.34397163,566,88.35061939880912,108.6,18.96283185840708,37,0.06537102,209,0.36925795,0.25810167033663156,0.43316234889711297,0.3349320106747055,461,68.77182696956875,0.04989154,7.578464253605576,0.36734694,0.31236443,0.0994898,0.0845987,33.440761007610995,13.852193225393327,-4.213362555700373,0.60086768,0.21382751,0.72961373,0.47126026,0.61333333,0.89705882,0.83257576,0.49910746,0.60956175,0.07890039,0.14601928,0.22491967,18.11116552
2023,George Springer,TOR,568,12856,543807,George Springer,123,512,131,96,17,1,17,72,59,49,0,99,5,1,0,19,16,5,0.255859375,0.086267605,0.174295774,0.494949494,0.326278659,0.392578125,0.718856784,0.13671875,0.287153652,68.13987575093262,-1.0676184483433604,0.31611147990722926,100.67600063495699,1.277777777,0.207729468,0.444444444,0.347826086,0.125,0.118055555,0.065217391,0,0.39613527,0.36231884,0.24154589,0.16425121,0.51449275,0.32125604,415,88.04455182165557,115.9,12.193704600484262,29,0.06987952,158,0.38072289,0.26391754477875357,0.4183951068069028,0.3313656822176051,333,73.01001416455519,0.26726727,7.503852520619069,0.24427481,0.19219219,0.10687023,0.08408408,31.412848962319863,10.092284065288109,-1.6164210496621358,0.51951952,0.22745491,0.73460145,0.49381541,0.55947137,0.86806412,0.80057803,0.52521408,0.6056338,0.09847764,0.13843958,0.23691722,18.79817708
2023,Brandon Nimmo,NYM,680,12927,607043,Brandon Nimmo,150,590,162,102,30,6,24,89,68,74,0,146,11,4,1,6,3,3,0.274576271,0.108823529,0.214705882,0.506849315,0.36377025,0.46779661,0.83156686,0.193220339,0.325471698,106.26679132673237,23.412748975486494,0.3598320191844047,129.74128697997025,1.057471264,0.199105145,0.411633109,0.389261744,0.126436781,0.137931034,0.065217391,0.5,0.34298441,0.34075724,0.31625835,0.1403118,0.4766147,0.3830735,449,91.86196866558168,112,12.026845637583893,43,0.09576837,216,0.48106904,0.2580591061746256,0.45894913995244774,0.35252070329991203,442,72.72457345470583,0.27149321,7.23308363435495,0.36464088,0.29864253,0.17679558,0.14479638,28.4531912242665,5.601305944566948,-0.5973893875815607,0.45475113,0.19895288,0.62266667,0.42298202,0.57518797,0.87366167,0.8075,0.52872753,0.62058824,0.08142404,0.20162143,0.28304547,17.98467967
2023,Mookie Betts,LAD,691,13611,605141,Mookie Betts,151,582,178,98,40,1,39,126,107,96,3,107,8,5,0,5,14,3,0.305841924,0.138929088,0.154848046,0.897196261,0.408104196,0.5790378,0.987141996,0.273195876,0.315192743,140.45855189432191,56.26422356386471,0.4164166728597741,164.92040540676592,0.575107296,0.235416666,0.279166666,0.485416666,0.090128755,0.167381974,0.067164179,0,0.46458333,0.35416667,0.18125,0.09791667,0.49166667,0.41041667,480,92.43312499523162,110.1,20.53125,60,0.125,233,0.48541667,0.28670763272709693,0.5705579438311195,0.40741561459841713,379,71.41893321417253,0.21108179,7.197239269367309,0.41348974,0.37203166,0.14662757,0.13192612,36.26082279940079,11.783745329109534,-6.791686604580889,0.56992084,0.16678753,0.60361718,0.38100517,0.56086957,0.93133583,0.84869059,0.49039172,0.59334298,0.05764967,0.20473023,0.2623799,18.03174603
2023,Ketel Marte,ARI,204,13613,606466,Ketel Marte,46,186,58,38,10,4,6,29,21,15,1,23,2,1,0,6,2,2,0.311827956,0.073529411,0.112745098,0.652173913,0.367647058,0.505376344,0.873023402,0.193548388,0.329113924,33.9020906463132,9.045877940939434,0.3717669583306524,133.5146357880958,1.381818181,0.201219512,0.463414634,0.335365853,0.127272727,0.109090909,0.065789473,0,0.43902439,0.29878049,0.26219512,0.15243902,0.51219512,0.33536585,164,89.25304898983094,113.6,9.603658536585366,10,0.06097561,62,0.37804878,0.28468549169439783,0.44204737998605254,0.34330886039593866,115,76.31245369289232,0.66086957,7.6465953536655595,0.29896907,0.25217391,0.19587629,0.16521739,33.01479346233865,6.550643220414286,-3.6852875947790302,0.46956522,0.28191489,0.69491525,0.48219178,0.72641509,0.90243902,0.84943182,0.48493151,0.60784314,0.07260274,0.15479452,0.22739726,18.18355641
2023,Rob Refsnyder,BOS,100,13770,608701,Rob Refsnyder,28,82,19,16,2,1,0,17,12,15,0,17,2,0,0,1,3,1,0.231707317,0.15,0.17,0.882352941,0.363636363,0.280487804,0.644124167,0.048780487,0.292307692,10.966704700313992,-1.2177132925162848,0.30371236861354173,87.21332710713544,1.8125,0.307692307,0.446153846,0.246153846,0.1875,0,0.103448275,0,0.41538462,0.4,0.18461538,0.16923077,0.61538462,0.21538462,66,87.1859370470047,106.8,10.796875,1,0.01515152,20,0.3030303,0.2525831077831372,0.34955682858887965,0.3352923490016778,52,72.61846571702223,0.17307692,7.2235250381323,0.34090909,0.28846154,0.09090909,0.07692308,34.40704521766076,10.151950606933006,5.350129098846362,0.63461538,0.15183246,0.57674419,0.37684729,0.75862069,0.83870968,0.82352941,0.52955665,0.59,0.06650246,0.21428571,0.28078818,18.11295681
2023,Carlos Correa,MIN,127,14162,621043,Carlos Correa,28,113,27,18,8,0,1,13,8,11,1,27,2,1,0,6,0,0,0.238938053,0.086614173,0.212598425,0.407407407,0.314960629,0.336283185,0.651243814,0.097345132,0.302325581,12.239399610728142,-3.234811240166309,0.28770545361534,79.60602840396831,1.576923076,0.229885057,0.471264367,0.298850574,0.038461538,0.038461538,0,0,0.32183908,0.36781609,0.31034483,0.17241379,0.49425287,0.33333333,87,91.39411764705882,110.9,8.267441860465116,4,0.04597701,42,0.48275862,0.24910303018567664,0.37461686785844667,0.3127437209440095,130,73.644678908128,0.36923077,7.093836182814378,0.35294118,0.27692308,0.19607843,0.15384615,33.68916028829722,7.858144350235278,-0.10168587886370145,0.40769231,0.29875519,0.64732143,0.46666667,0.56944444,0.88275862,0.77880184,0.48172043,0.62204724,0.10322581,0.19354839,0.29677419,18.43491124
2023,Jorge Soler,MIA,77,14221,624585,Jorge Soler,17,64,18,11,2,0,5,10,9,11,2,21,1,1,0,2,0,0,0.28125,0.142857142,0.272727272,0.523809523,0.389610389,0.546875,0.936485389,0.265625,0.333333333,13.924020522259045,4.542018667779734,0.3894004678726196,144.9838674650117,0.809523809,0.136363636,0.386363636,0.477272727,0,0.238095238,0,0,0.5,0.27272727,0.22727273,0.06818182,0.52272727,0.40909091,44,95.23409115184437,111.9,16.5,9,0.20454545,26,0.59090909,0.27734530105954036,0.5975893528375309,0.40594895030061406,111,75.51383003028664,0.56756757,7.810758766827282,0.37037037,0.27027027,0.25925926,0.18918919,33.850002718401385,9.96744686123487,-6.350665134889585,0.56756757,0.24861878,0.5862069,0.39877301,0.62222222,0.81176471,0.74615385,0.44478528,0.49350649,0.10122699,0.18711656,0.28834356,18.41832669
2023,Tony Kemp,OAK,204,14894,643393,Tony Kemp,47,180,40,32,5,2,1,19,11,15,0,17,3,2,4,4,11,2,0.222222222,0.073529411,0.083333333,0.882352941,0.29,0.288888888,0.578888888,0.066666666,0.237804878,15.151172050411473,-9.705040654962293,0.2610917955636978,65.67706609067287,1.375,0.173913043,0.478260869,0.347826086,0.071428571,0.017857142,0.064935064,0.125,0.46153846,0.37278107,0.16568047,0.10059172,0.65088757,0.24852071,169,86.48881995159647,103,9.819875776397515,1,0.00591716,31,0.18343195,0.23813298095936059,0.31775601871971354,0.2821073510777205,146,64.95680947499733,0.00684932,6.779016285726469,0.45384615,0.40410959,0.03076923,0.02739726,32.3235776848989,9.11423148587346,1.7035259373026759,0.60273973,0.247557,0.67297297,0.48005908,0.80263158,0.93975904,0.90769231,0.5465288,0.60784314,0.04431315,0.19054653,0.23485968,18.4055794
2023,Tim Anderson,CHW,390,15172,641313,Tim Anderson,90,370,94,76,16,1,1,36,17,18,0,91,2,0,0,7,11,2,0.254054054,0.046153846,0.233333333,0.197802197,0.292307692,0.31081081,0.603118502,0.056756756,0.334532374,31.206493577463416,-16.312736594574663,0.2680107177832188,66.46309438923066,3.448979591,0.218637992,0.605734767,0.17562724,0.020408163,0.020408163,0.059171597,0,0.33333333,0.37634409,0.29032258,0.11469534,0.61290323,0.27240143,279,88.09928078960172,108.2,2.712230215827338,9,0.03225806,111,0.39784946,0.25556959356446335,0.34934334707292436,0.2837915631414542,322,68.68466794268686,0.02173913,7.089048625519557,0.28629032,0.22049689,0.09677419,0.07453416,40.798626911566124,8.813885131607885,6.181237341338618,0.42857143,0.35352113,0.71669004,0.5354884,0.61752988,0.83170254,0.76115486,0.50105411,0.66666667,0.12789881,0.13773717,0.26563598,17.50533463
2023,Jake Bauers,NYY,101,15194,641343,Jake Bauers,26,92,16,8,5,0,3,10,10,8,0,32,0,1,0,3,2,1,0.173913043,0.07920792,0.316831683,0.25,0.237623762,0.326086956,0.563710718,0.152173913,0.224137931,6.245876178325767,-6.060385994432813,0.24612488486979267,52.69883394176777,0.88,0.229508196,0.360655737,0.409836065,0,0.12,0,0,0.49180328,0.36065574,0.14754098,0.18032787,0.45901639,0.36065574,61,88.3786883119677,109,14.131147540983607,10,0.16393443,32,0.52459016,0.23672152686681922,0.47036257550707494,0.33564928974172487,95,75.79428935803865,0.64210526,7.827604083011025,0.30645161,0.2,0.19354839,0.12631579,35.762184926083215,13.939874406237351,4.459649240343194,0.52631579,0.22641509,0.69545455,0.46527778,0.45833333,0.79084967,0.71144279,0.50925926,0.55445545,0.13425926,0.15972222,0.29398148,18.11212121
2023,Mike Tauchman,CHC,283,15274,643565,Mike Tauchman,63,242,62,42,12,0,8,52,36,36,1,62,3,2,0,3,5,0,0.256198347,0.12720848,0.219081272,0.580645161,0.356890459,0.404958677,0.761849136,0.14876033,0.310344827,38.46362138825115,3.9817184685414686,0.33531580495496166,111.8175117081614,1.517241379,0.197802197,0.483516483,0.318681318,0.034482758,0.137931034,0.09090909,0,0.30769231,0.37912088,0.31318681,0.17582418,0.54395604,0.28021978,182,88.46263728298983,109.4,7.956043956043956,13,0.07142857,74,0.40659341,0.2515016494675786,0.4095417156595206,0.33587178785324173,293,68.216835412556,0.03412969,6.794064795197888,0.36403509,0.28327645,0.11842105,0.09215017,34.4406864114182,2.926992529488261,-7.868566560422296,0.31740614,0.18505942,0.6384,0.4184514,0.56880734,0.84210526,0.78346457,0.51482702,0.60777385,0.09060956,0.17957166,0.27018122,18.06796117
2023,J.P. Crawford,SEA,519,15491,641487,J.P. Crawford,113,437,118,73,27,0,18,77,52,73,1,101,5,2,2,4,1,0,0.270022883,0.140655105,0.194605009,0.722772277,0.379110251,0.455377574,0.834487825,0.185354691,0.3125,82.89599432334916,19.65886494056003,0.36398351689179737,139.86993487685825,0.992307692,0.23372781,0.381656804,0.384615384,0.123076923,0.138461538,0.038759689,0,0.45,0.33823529,0.21176471,0.19705882,0.47058824,0.33235294,340,87.74378690776035,110.1,16.097633136094675,18,0.05294118,121,0.35588235,0.2571125842497132,0.39509627733883623,0.34055390156753174,384,72.01333808898926,0.23177083,7.595768053084612,0.31464174,0.26302083,0.12772586,0.10677083,33.01611248155435,7.500717903991851,4.12844808199831,0.44791667,0.18529131,0.58161351,0.38523426,0.64948454,0.88709677,0.83046683,0.50449598,0.53179191,0.06530999,0.19971604,0.26502603,17.66268093
2023,Austin Slater,SFG,134,16153,596103,Austin Slater,43,118,35,25,8,0,2,18,11,14,0,33,2,0,0,2,2,1,0.296610169,0.104477611,0.246268656,0.424242424,0.380597014,0.415254237,0.795851251,0.118644068,0.397590361,20.10935568186091,3.7822355714683416,0.3523608116961237,123.83722417428427,1.5,0.226190476,0.464285714,0.309523809,0,0.076923076,0.076923076,1,0.31764706,0.30588235,0.37647059,0.07058824,0.62352941,0.30588235,85,93.42023840404693,109.6,8.035714285714286,10,0.11764706,45,0.52941176,0.2549583378753041,0.46734764455359873,0.35117811109147856,112,73.30490105492729,0.34821429,7.12104976602963,0.4,0.28571429,0.225,0.16071429,38.336311153003145,14.193674417478698,5.008997679821083,0.51785714,0.19047619,0.62878788,0.40595903,0.44230769,0.8313253,0.73853211,0.49162011,0.6641791,0.10614525,0.19925512,0.30540037,18.07730673
2023,Kyle Schwarber,PHI,502,16478,656941,Kyle Schwarber,108,410,84,35,14,1,34,80,77,86,3,152,3,3,0,3,0,2,0.204878048,0.171314741,0.302788844,0.565789473,0.344621513,0.492682926,0.837304439,0.287804878,0.220264317,77.10587314797709,15.940094823969094,0.3566082739877796,122.73465774364163,0.697674418,0.157692307,0.346153846,0.496153846,0.147286821,0.263565891,0.011111111,0,0.54789272,0.31034483,0.14176245,0.17241379,0.42528736,0.40229885,261,92.19576929532565,115.2,19.088461538461537,44,0.16858238,128,0.49042146,0.21781662122937362,0.5005040432905441,0.36578032409119604,422,77.10601284153654,0.7464455,7.87320011599934,0.29487179,0.21800948,0.20833333,0.15402844,29.66533251848266,13.020950831649428,7.097266047910492,0.65402844,0.21010638,0.54368932,0.36932345,0.51054852,0.78928571,0.706399,0.47729379,0.56772908,0.10843373,0.21408712,0.32252085,18.35550181
2023,Mauricio Dubón,HOU,293,16530,643289,Mauricio Dubon,69,282,70,51,13,2,4,42,21,7,0,46,2,2,0,6,6,1,0.24822695,0.023890784,0.156996587,0.152173913,0.269624573,0.351063829,0.620688402,0.102836879,0.282051282,23.55165432280682,-12.14869039618589,0.26844951418886415,67.6117012033717,1.26744186,0.177215189,0.459915611,0.362869198,0.093023255,0.046511627,0.100917431,0,0.33193277,0.42436975,0.24369748,0.18067227,0.59243697,0.22689076,238,86.04957275716667,106.8,10.691983122362869,8,0.03361345,60,0.25210084,0.24150473236249873,0.34378564646667853,0.26542946989888905,124,69.63373454924553,0.10483871,7.703937045989498,0.30097087,0.25,0.0776699,0.06451613,33.39663528626965,5.782275070346171,0.7625534140294598,0.52419355,0.39867841,0.764,0.59014675,0.76243094,0.87696335,0.8401421,0.52410901,0.6996587,0.09433962,0.12997904,0.22431866,18.39242424
2023,Connor Joe,PIT,80,16572,656582,Connor Joe,21,70,18,11,5,0,2,11,6,9,0,12,1,0,0,1,0,0,0.257142857,0.1125,0.15,0.75,0.35,0.414285714,0.764285714,0.157142857,0.285714285,10.955137260308378,1.2076028660441571,0.3365504264831543,109.0188460838717,0.653846153,0.258620689,0.293103448,0.448275862,0.192307692,0.076923076,0.058823529,0,0.5,0.27586207,0.22413793,0.24137931,0.4137931,0.34482759,58,87.67413777318494,107,23.20689655172414,3,0.05172414,24,0.4137931,0.2554500609619676,0.40538737890809506,0.3334500569180818,107,74.41941705151139,0.46728972,7.286010746643922,0.37777778,0.31775701,0.12222222,0.10280374,30.375315657285885,8.355999902099649,-9.786897901062654,0.42056075,0.21333333,0.61728395,0.42307692,0.71875,0.86,0.82575758,0.51923077,0.6375,0.07371795,0.19871795,0.2724359,19.5974026
2023,Yandy Díaz,TBR,598,16578,650490,Yandy Diaz,135,523,173,116,35,0,22,95,78,65,0,92,8,2,0,16,0,1,0.330783938,0.108695652,0.153846153,0.706521739,0.411371237,0.523900573,0.93527181,0.193116635,0.367396593,114.92761710642446,42.064797509299424,0.403073132536483,164.166953721938,1.814516129,0.193995381,0.519630484,0.286374133,0.056451612,0.177419354,0.075555555,0,0.31408776,0.41108545,0.27482679,0.10623557,0.47575058,0.41801386,433,93.42900220866547,114.5,5.723897911832947,41,0.09468822,234,0.5404157,0.3019321320623231,0.49680010758322446,0.3860982242036423,388,73.89190252048454,0.41494845,7.502771463590799,0.35168196,0.29639175,0.20489297,0.17268041,25.947549733918965,4.3412309101945965,5.745126278341277,0.44587629,0.19557823,0.65614334,0.42546848,0.62173913,0.89596879,0.83283283,0.49914821,0.58862876,0.07112436,0.18015332,0.25127768,18.34897025
2023,Lane Thomas,WSN,290,16939,657041,Lane Thomas,64,265,83,48,22,1,12,46,40,19,0,72,3,3,0,1,6,1,0.313207547,0.065517241,0.248275862,0.263888888,0.362068965,0.539622641,0.901691606,0.226415094,0.385869565,50.62776403202623,15.292951852818423,0.3818713870541803,141.27929816041254,1.012658227,0.18877551,0.408163265,0.403061224,0.075949367,0.151898734,0.0625,0,0.5,0.34693878,0.15306122,0.17346939,0.44387755,0.38265306,196,89.24336738975681,108.7,13.98469387755102,20,0.10204082,86,0.43877551,0.2604868975766706,0.44841309327034734,0.32825468182483497,11,73.5270337191495,0.36363636,7.078238227150657,0.4,0.18181818,0.2,0.09090909,31.22197810086337,10.343407577411694,-3.9458365657112817,0.45454545,0.2700491,0.59369527,0.42639594,0.59393939,0.89085546,0.79365079,0.48307953,0.60689655,0.08798646,0.20558376,0.29357022,17.63923337
2023,Gleyber Torres,NYY,146,16997,650402,Gleyber Torres,33,136,37,29,2,2,4,21,9,7,0,17,1,2,0,1,3,1,0.272058823,0.047945205,0.116438356,0.411764705,0.308219178,0.404411764,0.712630942,0.132352941,0.282051282,16.41876172883784,-1.3704885406943643,0.3070720417858803,94.94264433182178,1.068181818,0.235294117,0.394957983,0.369747899,0.045454545,0.09090909,0.063829787,0,0.325,0.4,0.275,0.125,0.6,0.275,121,90.17288120722367,110,13.186440677966102,5,0.04132231,49,0.40495868,0.286440952950324,0.4394568733457448,0.3285672050325148,46,72.44060051959494,0.23913043,7.29512067463087,0.40540541,0.32608696,0.16216216,0.13043478,33.99269779868748,10.519512295722961,4.299744224418765,0.54347826,0.29032258,0.67844523,0.48576512,0.80246914,0.859375,0.84249084,0.50355872,0.6369863,0.07651246,0.16548043,0.24199288,18.28878282
2023,Alex Verdugo,BOS,366,17027,657077,Alex Verdugo,80,336,94,56,25,3,10,57,31,23,0,48,4,3,0,7,3,0,0.279761904,0.06284153,0.13114754,0.479166666,0.330601092,0.461309523,0.791910615,0.181547619,0.298932384,50.94691897327752,6.351949119518706,0.3392716823705559,111.86026691467936,1.29,0.213058419,0.443298969,0.343642611,0.06,0.1,0.062015503,0,0.41580756,0.34020619,0.24398625,0.1443299,0.49140893,0.36426117,291,89.55121092482834,109.9,8.934482758620689,17,0.05841924,114,0.39175258,0.28617335171097175,0.4476590048013573,0.3424985108578547,168,67.9283652305603,0.0297619,6.277325241338639,0.45390071,0.38095238,0.21985816,0.18452381,28.321611767723446,6.780939089932612,2.2028142885482382,0.5,0.22916667,0.57768924,0.41333333,0.67532468,0.94482759,0.87436333,0.52842105,0.56557377,0.05192982,0.21263158,0.2645614,18.21990521
2023,Taylor Ward,LAA,247,17548,621493,Taylor Ward,55,220,52,34,12,0,6,36,21,21,0,51,3,3,0,3,2,1,0.236363636,0.085020242,0.206477732,0.411764705,0.307692307,0.372727272,0.680419579,0.136363636,0.277108433,26.03383256586349,-4.061679876427293,0.29857463247862903,86.71346258074456,0.88,0.175438596,0.385964912,0.438596491,0.08,0.08,0.075757575,0,0.40116279,0.29069767,0.30813953,0.12209302,0.51162791,0.36627907,172,90.33588220932904,109.5,15.264705882352942,13,0.0755814,73,0.4244186,0.24842929989673607,0.427042920009518,0.33011724321716807,0,0,0,0,0,0,0,0,0,0,0,0,0.24485597,0.66313559,0.45093946,0.60504202,0.91693291,0.83101852,0.49269311,0.55465587,0.07620042,0.15970772,0.23590814,18.12219101
2023,Kevin Newman,CIN,78,17696,621028,Kevin Newman,19,69,18,11,6,0,1,6,7,4,0,12,2,2,1,2,2,0,0.260869565,0.051282051,0.153846153,0.333333333,0.311688311,0.391304347,0.702992658,0.130434782,0.293103448,8.574505567955438,-0.9293404664521784,0.30402845531315,84.26035142056145,1,0.322033898,0.33898305,0.33898305,0.05,0.05,0,0,0.36666667,0.33333333,0.3,0.13333333,0.65,0.21666667,60,86.01525406918283,103.2,16.949152542372882,2,0.03333333,13,0.21666667,0.3002699518211834,0.4175667598560128,0.33233952544653766,6,67.29111862182617,0,7.193080107371013,0,0,0,0,31.654969215393066,13.417527198791504,-9.342024207115173,1,0.29770992,0.58955224,0.44528302,0.71794872,0.98734177,0.89830508,0.50566038,0.64102564,0.04528302,0.24150943,0.28679245,17.99462366
2023,Andrew Benintendi,CHW,205,17901,643217,Andrew Benintendi,44,183,55,42,11,0,2,22,18,19,3,31,1,2,0,1,6,0,0.300546448,0.092682926,0.151219512,0.612903225,0.365853658,0.393442622,0.75929628,0.092896174,0.34868421,26.920687809571554,1.9426309242694884,0.3297849188346674,109.28014719790144,1.369565217,0.287581699,0.411764705,0.300653594,0.065217391,0.04347826,0.031746031,1,0.34415584,0.4025974,0.25324675,0.14285714,0.62337662,0.23376623,154,85.1594773086847,104.5,13.352941176470589,3,0.01948052,37,0.24025974,0.28939711171853777,0.3936901434535883,0.32624120132808604,105,66.73182703653971,0.00952381,6.579826032547723,0.40659341,0.35238095,0.0989011,0.08571429,35.364274833315896,11.901141617411659,-5.794483093136833,0.51428571,0.29503916,0.70725389,0.50195059,0.77876106,0.86446886,0.83937824,0.50195059,0.65365854,0.08062419,0.1443433,0.22496749,18.2641844
2023,Cedric Mullins,BAL,213,17929,656775,Cedric Mullins,47,186,45,25,11,3,6,23,31,26,0,44,0,0,1,1,12,2,0.241935483,0.122065727,0.206572769,0.59090909,0.33490566,0.430107526,0.765013186,0.188172043,0.286764705,28.517830552178335,2.5650202274498444,0.33287472601206797,113.1477363017467,0.652777777,0.15,0.335714285,0.514285714,0.180555555,0.083333333,0.042553191,0.333333333,0.46853147,0.33566434,0.1958042,0.18181818,0.53146853,0.28671329,143,89.28071398053851,107.8,23.857142857142858,8,0.05594406,54,0.37762238,0.21598022541291612,0.35030186392106516,0.2970119793943288,6,72.73193486531575,0.16666667,7.366180022557576,0.33333333,0.33333333,0,0,30.854204177856445,10.76933733622233,1.7237578928470612,1,0.22877358,0.68636364,0.46180556,0.67010309,0.82450331,0.78696742,0.50925926,0.6056338,0.09837963,0.16319444,0.26157407,18.15789474
2023,LaMonte Wade Jr.,SFG,415,18126,664774,LaMonte Wade Jr.,99,350,90,60,14,1,15,55,34,57,1,80,6,2,0,2,2,0,0.257142857,0.137349397,0.192771084,0.7125,0.368674698,0.431428571,0.800103269,0.174285714,0.291828793,61.81640875496877,11.251074084723122,0.3510187164596889,122.93750476666494,0.850877192,0.221402214,0.357933579,0.420664206,0.140350877,0.131578947,0.051546391,1,0.4375,0.32720588,0.23529412,0.1697417,0.49815498,0.33210332,272,88.26962959854691,111.5,18.210332103321033,28,0.10294118,110,0.40441176,0.2621997776708131,0.4724254903549003,0.36626346783545227,209,72.95105195844002,0.26315789,7.070222336709785,0.3253012,0.25837321,0.1626506,0.1291866,31.849851407502825,11.321007122833763,7.544320031644054,0.48325359,0.17209302,0.61547912,0.38769415,0.5,0.8762475,0.79044684,0.48626045,0.60240964,0.08124253,0.19175627,0.27299881,17.76746032
2023,Ronald Acuña Jr.,ATL,735,18401,660670,Ronald Acuna Jr.,159,643,217,137,35,4,41,149,106,80,3,84,9,3,0,15,73,14,0.337480559,0.108843537,0.114285714,0.952380952,0.41632653,0.595645412,1.011971942,0.258164853,0.3378119,156.22717386560345,66.6717016183009,0.4275971621763511,171.44872736850394,1.625730994,0.201067615,0.494661921,0.304270462,0.046783625,0.239766081,0.082733812,0,0.39679715,0.35587189,0.24733096,0.10142349,0.43772242,0.46085409,562,94.70874992779324,121.2,7.408199643493761,86,0.15302491,310,0.55160142,0.35100121527050104,0.6684891328218505,0.4611761167007562,475,77.31112792165656,0.70315789,7.393137277301989,0.3475,0.29263158,0.2525,0.21263158,34.61131084241365,6.8593784372586954,5.010131318506442,0.48842105,0.22637518,0.70747801,0.46225737,0.71028037,0.86943005,0.82970451,0.49029475,0.58503401,0.07872035,0.13659238,0.21531272,18.40556369
2023,Luis Arraez,MIA,368,18568,650333,Luis Arraez,84,344,128,100,20,1,7,48,44,19,5,23,2,2,1,7,1,0,0.372093023,0.051630434,0.0625,0.826086956,0.40599455,0.497093023,0.903087573,0.125,0.382911392,65.66631947848407,20.82766126486865,0.3865222792599083,143.05437536687694,1.410526315,0.288819875,0.416149068,0.295031055,0.010526315,0.07368421,0.022388059,0.5,0.29012346,0.40432099,0.30555556,0.09259259,0.62037037,0.28703704,324,88.54906824953068,104,11.531055900621118,14,0.04320988,91,0.2808642,0.32574609515012165,0.47774640603504026,0.35906663301043235,307,63.973005512249976,0.00325733,5.887718994376714,0.46341463,0.43322476,0.07665505,0.07166124,38.854038909514486,7.142400505100088,-5.907195631523862,0.48534202,0.31125828,0.67982456,0.50698758,0.88297872,0.95483871,0.93415008,0.5310559,0.61141304,0.03338509,0.17546584,0.20885093,18.53896104
2023,Ke'Bryan Hayes,PIT,204,18577,663647,Ke'Bryan Hayes,45,184,49,26,12,3,8,32,18,19,0,34,0,1,0,4,6,6,0.266304347,0.093137254,0.166666666,0.558823529,0.333333333,0.494565217,0.82789855,0.22826087,0.286713286,30.57355394172657,5.717341236352805,0.35212064928868236,119.4568770512598,1.37735849,0.165562913,0.483443708,0.350993377,0.056603773,0.150943396,0.05479452,0,0.31788079,0.39072848,0.29139073,0.11258278,0.49668874,0.39072848,151,92.93733337402344,113.1,9.646666666666667,14,0.09271523,77,0.50993377,0.2763963701188198,0.488379409330607,0.3598878158891821,100,72.23332901000977,0.23,6.970318608283996,0.42857143,0.33,0.22077922,0.17,29.170198802947997,7.525325991660356,-3.9642016600072383,0.49,0.24934383,0.59846547,0.4261658,0.63157895,0.91452991,0.83282675,0.50647668,0.57843137,0.07124352,0.20595855,0.27720207,17.57522124
2023,Alex Call,WSN,101,19296,669743,Alex Call,22,89,20,14,3,0,3,12,10,10,0,18,1,1,0,0,1,1,0.224719101,0.0990099,0.178217821,0.555555555,0.306930693,0.359550561,0.666481254,0.13483146,0.246376811,10.336531328726553,-1.9697308440320267,0.2948922491309666,82.96986055641827,1.071428571,0.159420289,0.434782608,0.405797101,0.107142857,0.107142857,0.1,0.333333333,0.47222222,0.33333333,0.19444444,0.18055556,0.54166667,0.27777778,72,86.31739160288934,107.7,11.91304347826087,5,0.06944444,25,0.34722222,0.23522917797064027,0.3873107111470414,0.3107755365781486,0,0,0,0,0,0,0,0,0,0,0,0,0.2,0.56796117,0.38221154,0.73809524,0.8974359,0.85534591,0.49519231,0.53465347,0.05528846,0.21394231,0.26923077,19.00977199
2023,Austin Hays,BAL,116,19363,669720,Austin Hays,25,105,33,21,9,0,3,16,14,8,0,31,2,1,0,2,1,0,0.314285714,0.068965517,0.267241379,0.258064516,0.370689655,0.485714285,0.85640394,0.171428571,0.416666666,18.973426775132143,4.839501903449021,0.36860900603491686,137.9159490633146,0.96875,0.16,0.413333333,0.426666666,0.03125,0.09375,0.032258064,0,0.38666667,0.37333333,0.24,0.12,0.53333333,0.34666667,75,89.0693332417806,111,12.826666666666666,6,0.08,25,0.33333333,0.23233579520934394,0.4184792297049647,0.3095965292104038,57,72.15927860193085,0.14035088,7.272606665627999,0.27906977,0.21052632,0.1627907,0.12280702,29.233433773643092,11.631634604120464,-4.616230376979761,0.64912281,0.31277533,0.62371134,0.45605701,0.53521127,0.87603306,0.75,0.4608076,0.72413793,0.11401425,0.18764846,0.30166271,18.35197368
2023,Zach McKinstry,DET,303,19392,656716,Zach McKinstry,75,270,63,43,11,4,5,34,18,28,0,63,2,2,1,1,10,2,0.233333333,0.09240924,0.207920792,0.444444444,0.307947019,0.359259259,0.667206278,0.125925926,0.284313725,30.8481270794062,-6.070659438869537,0.2942505984116864,84.65705360246416,0.72,0.177033492,0.344497607,0.478468899,0.04,0.05,0.055555555,0,0.31428571,0.42380952,0.26190476,0.13333333,0.55714286,0.30952381,210,87.38405808158542,106.6,18.91304347826087,17,0.08095238,79,0.37619048,0.2394540159189898,0.39868500314934074,0.3124062992367417,149,68.33985946962497,0.03355705,6.9820348944439985,0.28070175,0.2147651,0.04385965,0.03355705,38.93404444752124,14.077839517753397,2.565334479405776,0.39597315,0.28737542,0.66552316,0.47341772,0.61849711,0.92268041,0.82887701,0.49198312,0.58415842,0.08101266,0.17130802,0.25232068,17.91870824
2023,Tommy Edman,STL,192,19470,669242,Tommy Edman,42,177,41,27,9,2,3,18,17,9,0,39,3,2,1,3,11,2,0.231638418,0.046875,0.203125,0.23076923,0.27748691,0.355932203,0.633419113,0.124293785,0.277372262,16.55157252326052,-6.842510022973608,0.27546336076646577,72.04431588199989,1.434782608,0.2,0.471428571,0.328571428,0.108695652,0.065217391,0.045454545,0,0.46099291,0.36170213,0.17730496,0.16312057,0.5177305,0.31914894,141,89.63428557259697,109.6,10.057142857142857,6,0.04255319,55,0.39007092,0.25301022739623186,0.3571701713082628,0.2884353858611366,151,71.17988386848904,0.1589404,6.931114512563541,0.34586466,0.30463576,0.16541353,0.14569536,23.951972664586755,7.019954268111299,0.47522927001612075,0.52317881,0.31384615,0.62537764,0.47103659,0.67647059,0.94202899,0.85436893,0.50457317,0.64583333,0.06859756,0.19664634,0.2652439,18.12987013
2023,TJ Friedl,CIN,191,19522,670770,TJ Friedl,41,169,42,30,8,0,4,27,16,18,0,25,2,1,1,0,12,1,0.24852071,0.094240837,0.130890052,0.72,0.326315789,0.366863905,0.693179694,0.118343195,0.269503546,21.543746223557708,-1.7284921427481201,0.3074780727687635,86.57292037201871,0.796875,0.141791044,0.380597014,0.47761194,0.09375,0.0625,0.019607843,0.583333333,0.47260274,0.32876712,0.19863014,0.1369863,0.65753425,0.20547945,146,86.64776127373995,104.7,16.649253731343283,1,0.00684932,37,0.25342466,0.22236449047564888,0.2893312933273371,0.2722103236157349,110,69.06643125360662,0.05454545,6.863561144742099,0.35294118,0.27272727,0.04705882,0.03636364,29.156426308371802,9.517792576009578,13.271791245720603,0.53636364,0.22131148,0.61111111,0.42388451,0.66666667,0.87190083,0.82043344,0.51968504,0.61256545,0.07611549,0.19291339,0.26902887,18.43607706
2023,Fernando Tatis Jr.,SDP,209,19709,665487,Fernando Tatis Jr.,45,187,54,31,12,0,11,30,24,18,0,40,2,1,1,3,10,2,0.288770053,0.086124401,0.191387559,0.45,0.35576923,0.529411764,0.885180994,0.240641711,0.313868613,35.55046859758268,10.0850349925674,0.37647640303923535,141.33112966438577,1.533333333,0.229729729,0.466216216,0.304054054,0.044444444,0.244444444,0.057971014,0,0.45637584,0.38926174,0.15436242,0.10738255,0.46308725,0.4295302,149,92.03333357726636,113.4,9.135135135135135,12,0.08053691,72,0.48322148,0.3153484535518713,0.540638340033731,0.3929555487047413,9,73.91545952690973,0.22222222,7.1967190106709795,0.5,0.33333333,0.16666667,0.11111111,32.959572050306534,9.774138026767307,-3.620402177174886,0.77777778,0.3225,0.81686047,0.55107527,0.58139535,0.80071174,0.73170732,0.46236559,0.63636364,0.14784946,0.08064516,0.22849462,18.81613508
2023,Josh Rojas,ARI,121,19734,668942,Josh Rojas,28,108,27,17,10,0,0,16,15,9,0,27,1,2,0,0,4,0,0.25,0.074380165,0.223140495,0.333333333,0.308333333,0.342592592,0.650925925,0.092592592,0.325301204,11.58178673436727,-3.1613590369573634,0.286915597319603,76.63162615358304,1.23076923,0.301204819,0.385542168,0.313253012,0.038461538,0,0.03125,0,0.40963855,0.3373494,0.25301205,0.15662651,0.51807229,0.3253012,84,87.4963854134801,105.7,10.602409638554217,3,0.03571429,26,0.30952381,0.2438566307265259,0.3530512553646238,0.2928423607165499,0,0,0,0,0,0,0,0,0,0,0,0,0.25225225,0.5877193,0.42222222,0.55357143,0.8880597,0.78947368,0.50666667,0.65289256,0.08888889,0.21111111,0.3,18.28571429
2023,Luis Rengifo,LAA,114,19858,650859,Luis Rengifo,26,104,37,21,8,2,6,18,13,8,0,13,2,0,0,0,0,0,0.35576923,0.070175438,0.114035087,0.615384615,0.412280701,0.644230769,1.05651147,0.288461539,0.364705882,25.824747509773967,11.93451099794745,0.44442896466506154,187.80829727393154,1.272727272,0.175824175,0.461538461,0.362637362,0,0.181818181,0.047619047,0,0.41758242,0.36263736,0.21978022,0.0989011,0.56043956,0.34065934,91,90.58505731341482,109.1,12.25287356321839,9,0.0989011,38,0.41758242,0.28245904253795745,0.48463317392393945,0.35968968897888604,172,70.92337548455527,0.15116279,7.279629565948664,0.35820896,0.27906977,0.17910448,0.13953488,33.744574336118475,9.522767500627006,0.4819936320012392,0.55813953,0.30188679,0.80113636,0.52835052,0.703125,0.84397163,0.8,0.45360825,0.64912281,0.1056701,0.1185567,0.2242268,18.35888502
2023,Mickey Moniak,LAA,112,19956,666160,Mickey Moniak,29,108,27,12,8,1,6,12,17,3,0,40,1,0,0,1,2,1,0.25,0.026785714,0.357142857,0.075,0.276785714,0.509259259,0.786044973,0.259259259,0.338709677,14.717670674050748,1.071122522080838,0.3298900904400008,108.41889291311017,0.5,0.161764705,0.279411764,0.558823529,0.052631578,0.157894736,0,0,0.48529412,0.27941176,0.23529412,0.14705882,0.48529412,0.36764706,68,88.27352972591625,110.4,23.558823529411764,10,0.14705882,22,0.32352941,0.2165545770743241,0.4379410463368037,0.2890831537640354,28,73.72726603916713,0.39285714,7.708209361348834,0.25,0.14285714,0.1875,0.10714286,34.850311619894846,12.64031182016645,2.5261231809854507,0.46428571,0.49115044,0.79120879,0.625,0.4954955,0.76388889,0.64705882,0.44607843,0.70535714,0.22058824,0.08823529,0.30882353,18.37162162
2023,Jazz Chisholm Jr.,MIA,129,20454,665862,Jazz Chisholm Jr.,30,118,29,22,1,1,5,16,13,8,0,43,1,1,1,1,12,2,0.245762711,0.062015503,0.333333333,0.186046511,0.296875,0.398305084,0.695180084,0.152542373,0.338028169,13.868289835364322,-1.849609375386734,0.3011104282923043,85.79562213533936,1.619047619,0.246575342,0.465753424,0.287671232,0,0.238095238,0.088235294,0.5,0.38961039,0.37662338,0.23376623,0.09090909,0.61038961,0.2987013,77,91.48356205143341,109.3,8.972602739726028,8,0.1038961,31,0.4025974,0.22847679753440542,0.4184786669112805,0.30571047721423383,27,71.52921210394965,0.22222222,7.566760328080919,0.3125,0.18518519,0.0625,0.03703704,35.13162761264377,14.262563458195439,0.5727855960528055,0.59259259,0.2519084,0.6437247,0.44204322,0.40909091,0.76100629,0.65777778,0.48526523,0.63565891,0.15127701,0.1827112,0.33398821,17.15159574
2023,Lars Nootbaar,STL,309,21454,663457,Lars Nootbaar,68,271,75,48,16,1,10,48,25,36,0,55,1,1,0,4,8,1,0.276752767,0.116504854,0.177993527,0.654545454,0.362459546,0.453874538,0.816334084,0.177121771,0.314009661,47.01171392856373,9.361862330718173,0.35485525868085593,125.2673878534492,1.442857142,0.204651162,0.469767441,0.325581395,0.085714285,0.142857142,0.02970297,0.5,0.359447,0.38248848,0.25806452,0.12903226,0.48847926,0.38248848,217,90.11023270363032,111.2,8.469767441860466,22,0.10138249,89,0.41013825,0.2772391621032867,0.4813910727951902,0.3698145392792402,191,72.50420419583146,0.27225131,6.9622433322886526,0.39759036,0.34554974,0.13855422,0.12041885,30.03865639451911,9.226597545502697,1.553143386636417,0.61780105,0.16442953,0.54475309,0.36254019,0.67346939,0.90651558,0.85587583,0.52090032,0.50809061,0.0522508,0.23472669,0.28697749,18.07741935
2023,Nico Hoerner,CHC,345,21479,663538,Nico Hoerner,74,319,90,68,15,2,5,49,41,20,0,38,2,4,0,5,19,3,0.282131661,0.057971014,0.110144927,0.526315789,0.324637681,0.388714733,0.713352414,0.106583072,0.303571428,39.84197637136453,-2.194265703899923,0.31071647215580595,95.32650828825462,1.5,0.192982456,0.484210526,0.322807017,0.097826086,0.054347826,0.050724637,0,0.30877193,0.39649123,0.29473684,0.19298246,0.59298246,0.21403509,285,86.60877195659437,109.2,8.828070175438597,7,0.0245614,98,0.34385965,0.28625422675742074,0.38169361520332334,0.3144909873706005,103,67.999863893083,0.00970874,7.029582264353928,0.34408602,0.31067961,0.10752688,0.09708738,32.10414801292049,3.516207852988567,1.948043704032898,0.4368932,0.30706076,0.60262009,0.46373457,0.77540107,0.94927536,0.89517471,0.53009259,0.64927536,0.04861111,0.21064815,0.25925926,17.5815678
2023,Jonathan India,CIN,281,21523,663697,Jonathan India,62,233,62,39,18,0,5,50,27,36,0,53,7,5,0,4,9,1,0.26609442,0.128113879,0.188612099,0.679245283,0.37366548,0.407725321,0.781390801,0.141630901,0.316666666,40.46564642239765,6.227431862544572,0.3450592783846465,111.76676588790271,1.014285714,0.237837837,0.383783783,0.378378378,0.157142857,0.071428571,0.028169014,0,0.47567568,0.29189189,0.23243243,0.13513514,0.50810811,0.35675676,185,90.16830598591456,110.5,15.380434782608695,11,0.05945946,77,0.41621622,0.2617102850029987,0.41576513788689057,0.3515878772107704,88,70.77590790661898,0.18181818,7.330225213007494,0.31081081,0.26136364,0.09459459,0.07954545,29.450387824665416,10.021352035078136,-6.428399632938883,0.5,0.18430034,0.53768844,0.36263736,0.68518519,0.8847352,0.83449883,0.5046492,0.58007117,0.06001691,0.23076923,0.29078614,17.13777778
2023,Matt Vierling,DET,198,21558,663837,Matt Vierling,45,178,43,32,9,1,1,26,13,16,1,41,2,1,1,3,5,1,0.241573033,0.08080808,0.207070707,0.390243902,0.30964467,0.320224719,0.629869389,0.078651686,0.306569343,17.830366852184714,-6.294780773619234,0.28009458068682225,74.84520742445886,1.282608695,0.239130434,0.427536231,0.333333333,0.086956521,0.02173913,0.06779661,0,0.37410072,0.32374101,0.30215827,0.22302158,0.51079137,0.26618705,139,87.89855064170948,113,12.659420289855072,5,0.03597122,52,0.37410072,0.2572544718630811,0.36089607508881855,0.30509034707567334,179,71.7998216511817,0.1452514,7.658959767005963,0.29285714,0.22905028,0.16428571,0.12849162,30.688549947472257,6.359576152642804,-1.0814446688697326,0.47486034,0.30649351,0.58056872,0.44981413,0.72033898,0.90612245,0.84573003,0.52292441,0.68686869,0.06939281,0.21933086,0.28872367,17.7171381
2023,Esteury Ruiz,OAK,365,21780,665923,Esteury Ruiz,81,329,81,60,17,1,3,33,34,14,1,72,11,1,3,4,47,9,0.246200607,0.038356164,0.197260273,0.194444444,0.298591549,0.33130699,0.629898539,0.085106383,0.305882352,32.489424521480366,-11.983701152350148,0.27884204643594346,77.98015404693992,1.571428571,0.211155378,0.482071713,0.306772908,0.103896103,0.038961038,0.074380165,0.1,0.3908046,0.32950192,0.27969349,0.20689655,0.62068966,0.17241379,268,82.69087305523101,109.5,10.19047619047619,5,0.01865672,48,0.17910448,0.22818208991381478,0.3115575713580361,0.26638091342934106,96,70.31682328383128,0.11458333,7.456393246849378,0.23529412,0.16666667,0.04411765,0.03125,35.846639355023704,11.378862840123475,-2.790549721956874,0.48958333,0.33925926,0.6848,0.50538462,0.58951965,0.85046729,0.75951294,0.48076923,0.66575342,0.12153846,0.15,0.27153846,17.9795479
2023,Christopher Morel,CHC,70,21897,666624,Christopher Morel,15,64,16,4,2,1,9,12,16,6,0,20,0,0,0,0,0,2,0.25,0.085714285,0.285714285,0.3,0.314285714,0.734375,1.048660714,0.484375,0.2,14.768334533984495,6.239241939003302,0.42569738967078075,172.40789579761613,0.583333333,0.136363636,0.318181818,0.545454545,0.083333333,0.375,0.142857142,0,0.56818182,0.34090909,0.09090909,0.15909091,0.34090909,0.5,44,93.80454548922452,113.6,17.772727272727273,12,0.27272727,23,0.52272727,0.2571866748529294,0.7046208495628976,0.42084016524376755,90,77.20003645155165,0.71111111,7.99391327434116,0.34848485,0.25555556,0.1969697,0.14444444,28.649785465664333,14.655280208587646,-8.541156469451057,0.73333333,0.31578947,0.728,0.51550388,0.5,0.76923077,0.68421053,0.48449612,0.65714286,0.1627907,0.13178295,0.29457364,18.24736842
2023,Nick Pratto,KCR,121,22117,668472,Nick Pratto,27,107,24,15,6,0,3,13,10,9,0,45,3,2,0,2,0,0,0.224299065,0.074380165,0.371900826,0.2,0.297520661,0.364485981,0.662006642,0.140186916,0.344262295,11.94493369269019,-2.7982120786344433,0.2905293200626846,79.27215456350268,0.777777777,0.25,0.328125,0.421875,0.111111111,0.111111111,0.047619047,0,0.4375,0.296875,0.265625,0.109375,0.46875,0.421875,64,88.68750017881393,107.2,15.46875,8,0.125,29,0.453125,0.23363010549077887,0.42063079970544986,0.3152462653796504,0,0,0,0,0,0,0,0,0,0,0,0,0.2605042,0.53815261,0.40246407,0.33870968,0.80597015,0.65816327,0.51129363,0.6446281,0.137577,0.24435318,0.38193018,17.49863014
2023,Akil Baddoo,DET,117,22168,668731,Akil Baddoo,28,105,20,16,2,0,2,11,2,11,0,36,0,0,1,1,3,1,0.19047619,0.094017094,0.307692307,0.305555555,0.267241379,0.266666666,0.533908045,0.076190476,0.268656716,7.001397882115063,-7.254371169496361,0.24371749316823893,49.63145069757526,1.035714285,0.173913043,0.420289855,0.405797101,0.071428571,0.071428571,0.034482758,0,0.38571429,0.32857143,0.28571429,0.12857143,0.54285714,0.32857143,70,88.98260873988055,109.2,16.217391304347824,4,0.05714286,24,0.34285714,0.21437073006139448,0.35859579378628126,0.28680500297823214,146,72.47062270282066,0.28767123,7.591895155710716,0.28571429,0.21917808,0.08928571,0.06849315,29.946426966418958,11.966987522497568,-0.39610217123815455,0.47260274,0.27125506,0.67521368,0.46777547,0.55223881,0.87974684,0.78222222,0.48648649,0.58119658,0.1018711,0.15800416,0.25987526,18.54945055
2023,Maikel Garcia,KCR,322,22715,672580,Maikel Garcia,72,288,77,62,10,3,2,39,32,25,0,72,1,7,1,5,13,7,0.267361111,0.077639751,0.223602484,0.347222222,0.320872274,0.34375,0.664622274,0.076388889,0.339366515,32.398274532806404,-6.835551404107084,0.29281383288612245,80.85560047681781,1.766666666,0.252252252,0.477477477,0.27027027,0.116666666,0.033333333,0.08490566,0.5,0.33482143,0.36160714,0.30357143,0.15178571,0.5,0.34821429,224,91.6798205696414,108.4,6.455357142857143,6,0.02678571,115,0.51339286,0.2722839357909041,0.38421601166338,0.31810409259788625,415,69.78907997407109,0.05060241,7.090948552970427,0.42318841,0.35180723,0.19130435,0.15903614,28.63956750846771,7.14534283604428,8.53410366547395,0.57831325,0.22022838,0.6390625,0.43415802,0.65925926,0.86797066,0.81617647,0.51077414,0.61490683,0.07980846,0.18914605,0.26895451,18.68186754
2023,Geraldo Perdomo,ARI,170,22799,672695,Geraldo Perdomo,38,143,37,30,5,2,0,19,8,19,0,22,1,1,6,1,7,2,0.258741258,0.111764705,0.129411764,0.863636363,0.347560975,0.321678321,0.669239296,0.062937063,0.303278688,18.61926170805511,-2.0942488797563623,0.30354141462139966,87.77731096630629,1.020408163,0.175,0.416666666,0.408333333,0.102040816,0,0.08,0.125,0.4609375,0.34375,0.1953125,0.2265625,0.4609375,0.3125,128,85.34583317438761,104.9,15.675,0,0,26,0.203125,0.21722463053289698,0.291035353179233,0.27706216812196255,116,65.08724774985478,0.01724138,6.5531885048438765,0.42424242,0.36206897,0.04040404,0.03448276,36.243141437398975,9.788553256413032,1.2100298743181188,0.50862069,0.18885449,0.60382514,0.40928882,0.80327869,0.91855204,0.89361702,0.53120464,0.51176471,0.04354136,0.19303338,0.23657475,17.76982592
2023,Ryan Noda,OAK,97,23312,676116,Ryan Noda,22,85,21,13,4,0,4,10,10,11,0,33,1,0,0,2,1,0,0.247058823,0.113402061,0.340206185,0.333333333,0.340206185,0.435294117,0.775500302,0.188235294,0.354166666,13.449164044085197,1.6302785910398288,0.3386117748378478,119.40786292516322,1.05,0.211538461,0.403846153,0.384615384,0.05,0.2,0.047619047,0,0.46153846,0.32692308,0.21153846,0.11538462,0.5,0.38461538,52,92.37500014671913,109.3,15.576923076923077,5,0.09615385,26,0.5,0.24212274319108795,0.42092255145749624,0.3329035979455587,132,72.3815791679151,0.28787879,7.262115872267521,0.30232558,0.1969697,0.1627907,0.10606061,34.61062585946286,14.762724314054305,0.6905401529687824,0.40909091,0.22277228,0.64953271,0.44230769,0.35555556,0.78417266,0.67934783,0.51442308,0.62886598,0.14182692,0.15625,0.29807692,18.33333333
2023,Julio Rodríguez,SEA,213,23697,677594,Julio Rodriguez,45,199,56,31,14,1,10,32,33,12,1,56,2,0,0,6,12,6,0.281407035,0.056338028,0.262910798,0.214285714,0.328638497,0.512562814,0.841201311,0.231155779,0.345864661,32.62204078001703,6.669230455288537,0.3560757836643255,134.38891164329917,1.134615384,0.223776223,0.412587412,0.363636363,0.038461538,0.192307692,0.13559322,0,0.37762238,0.36363636,0.25874126,0.16083916,0.44755245,0.39160839,143,92.81888096149152,115.5,10.090909090909092,18,0.12587413,74,0.51748252,0.28772202618689224,0.5186769680170361,0.3616680943206288,97,77.29423530814574,0.73195876,7.941538358472057,0.4125,0.34020619,0.2625,0.21649485,34.627943353554635,7.082994634343176,-3.788947851387496,0.50515464,0.375,0.71988796,0.53428202,0.56410256,0.82490272,0.72639225,0.461837,0.6056338,0.1461837,0.12677878,0.27296248,18.99102334
2023,Jihwan Bae,PIT,113,23818,678225,Jihwan Bae,27,101,18,10,6,1,1,14,7,11,0,28,1,0,0,0,5,2,0.178217821,0.097345132,0.24778761,0.392857142,0.265486725,0.287128712,0.552615437,0.108910891,0.236111111,7.344848144674708,-6.423544187223506,0.24992774967598705,50.94837437101685,2.647058823,0.138888888,0.625,0.236111111,0,0.058823529,0.022222222,0,0.30136986,0.32876712,0.36986301,0.20547945,0.54794521,0.24657534,73,88.58028218443964,110.2,-1.676056338028169,2,0.02739726,31,0.42465753,0.21263474106788635,0.2983699690643698,0.27206525279949084,131,67.09568600254204,0.03053435,6.6069390100377205,0.32075472,0.25954198,0.16037736,0.12977099,31.672550638213412,-0.153024835895946,-13.274055950627982,0.23664122,0.21484375,0.60323887,0.4055666,0.67272727,0.8590604,0.80882353,0.49105368,0.60176991,0.07753479,0.19483101,0.27236581,18.04113111
2023,Ceddanne Rafaela,BOS,75,24262,678882,Ceddanne Rafaela,18,70,17,9,6,0,2,10,5,3,0,21,1,1,0,2,2,1,0.242857142,0.04,0.28,0.142857142,0.28,0.414285714,0.694285714,0.171428572,0.3125,7.767319786518685,-1.3709937081040227,0.2963640880584717,82.12007278374371,1.333333333,0.3,0.4,0.3,0.133333333,0.133333333,0.15,0,0.32,0.34,0.34,0.24,0.56,0.2,50,85.87800003051758,107.1,10.1,3,0.06,17,0.34,0.21416086981438898,0.3365363615282279,0.25954511787742374,139,69.5270355279497,0.04316547,7.297579223303486,0.32323232,0.23021583,0.1010101,0.07194245,32.66693311458011,10.059237847654082,1.333348452616081,0.50359712,0.375,0.74285714,0.55633803,0.61111111,0.77884615,0.72151899,0.49295775,0.73333333,0.15492958,0.12676056,0.28169014,19.18269231
2023,Steven Kwan,CLE,715,24610,680757,Steven Kwan,154,635,170,123,36,6,5,92,54,70,2,75,3,6,1,9,21,3,0.267716535,0.097902097,0.104895104,0.933333333,0.340336134,0.366929133,0.707265267,0.099212598,0.294117647,83.43038308720908,-3.6882055615274068,0.312163617085205,98.5288586579064,1.512048192,0.254025044,0.4490161,0.296958855,0.072289156,0.030120481,0.055776892,0.375,0.29982363,0.38447972,0.31569665,0.13227513,0.68606702,0.18165785,567,85.90518797531537,105.2,10.694096601073346,6,0.01058201,104,0.18342152,0.2804430260709817,0.3608579877996817,0.31863335560872535,441,64.1201565973883,0.00226757,6.410116331917899,0.44776119,0.40816327,0.04477612,0.04081633,34.874770162327216,2.011901098854688,-0.011857162257170732,0.30839002,0.21135176,0.58768407,0.40981292,0.75265018,0.95102506,0.90267011,0.52735616,0.61678322,0.03988705,0.21920226,0.2590893,17.96691871
2023,Jarren Duran,BOS,149,24617,680776,Jarren Duran,36,141,45,22,16,2,5,25,17,7,0,33,1,0,0,1,12,1,0.319148936,0.046979865,0.22147651,0.212121212,0.355704697,0.567375886,0.923080583,0.24822695,0.388349514,26.986126345728565,8.831343536411454,0.38974183437808246,146.8422355518477,1.333333333,0.280373831,0.411214953,0.308411214,0.03030303,0.151515151,0.045454545,0,0.40740741,0.32407407,0.26851852,0.10185185,0.44444444,0.4537037,108,92.23457931803766,111.5,12.280373831775702,5,0.0462963,58,0.53703704,0.28382421742649155,0.4494825876020688,0.33376317785977816,148,73.85874799779944,0.41216216,7.763453032519366,0.32520325,0.27027027,0.17073171,0.14189189,31.817163428744756,4.931014482233976,-0.37984786171629725,0.41216216,0.3460076,0.77419355,0.56642066,0.59340659,0.90740741,0.81433225,0.51476015,0.6442953,0.10516605,0.1402214,0.24538745,19.32051282
2023,Brendan Donovan,STL,238,24679,680977,Brendan Donovan,51,217,65,47,9,1,8,35,26,12,0,40,7,1,1,1,3,1,0.29953917,0.050420168,0.168067226,0.3,0.354430379,0.460829493,0.815259872,0.161290323,0.335294117,35.88179939447394,6.882884571537875,0.3531965014803762,124.15538327636384,1.403508771,0.217142857,0.457142857,0.325714285,0.035087719,0.140350877,0.025,0.75,0.4301676,0.29050279,0.27932961,0.10614525,0.51955307,0.37430168,179,89.83999993460519,109.1,11.06857142857143,12,0.06703911,72,0.40223464,0.27391721117996914,0.43164440714282065,0.33666666148757,74,69.14830197514715,0.01351351,6.780103503046809,0.39393939,0.35135135,0.16666667,0.14864865,30.79281791480812,5.005395200606939,-5.666896284834759,0.40540541,0.24832215,0.64009112,0.44243792,0.63063063,0.92882562,0.84438776,0.49548533,0.62184874,0.06884876,0.19413093,0.26297968,17.49608764
2023,Bobby Witt Jr.,KCR,193,25764,677951,Bobby Witt Jr.,43,183,39,22,7,3,7,27,17,10,0,46,0,0,0,2,9,3,0.213114754,0.051813471,0.238341968,0.217391304,0.25388601,0.398907103,0.652793113,0.185792349,0.246153846,17.1792718284196,-6.336654897742832,0.27884162398817625,71.17115622574782,0.583333333,0.167883211,0.306569343,0.525547445,0.111111111,0.097222222,0.047619047,0,0.34306569,0.34306569,0.31386861,0.17518248,0.4379562,0.38686131,137,90.34379527516609,113.8,19.613138686131386,15,0.10948905,56,0.40875912,0.23483538940355508,0.4558922534711822,0.31091590013977505,0,0,0,0,0,0,0,0,0,0,0,0,0.33425414,0.71309192,0.52288488,0.60330579,0.80859375,0.74270557,0.49791956,0.67875648,0.13453537,0.14979196,0.28432732,18.56166983
2023,CJ Abrams,WSN,322,25768,682928,CJ Abrams,71,291,75,49,12,3,11,48,30,21,2,52,5,3,2,2,34,2,0.257731958,0.065217391,0.161490683,0.403846153,0.315625,0.43298969,0.74861469,0.175257732,0.277056277,39.67962094754872,0.4457950106352303,0.32004169922954634,99.82965390815859,1.063157894,0.186721991,0.419087136,0.394190871,0.136842105,0.115789473,0.05940594,0.333333333,0.37704918,0.38114754,0.24180328,0.14344262,0.54508197,0.31147541,244,88.11701259375607,111.1,15.132780082987551,19,0.07786885,88,0.36065574,0.25789304950420144,0.4290163771243753,0.3212322712811472,488,71.64044286383957,0.20901639,7.290882468223572,0.3033419,0.24180328,0.13367609,0.10655738,28.451422548684917,9.950121620813094,-0.2894682965439851,0.5204918,0.32513181,0.71912014,0.52586207,0.68648649,0.87764706,0.81967213,0.50948276,0.65217391,0.09482759,0.14482759,0.23965517,18.67264038
2023,Corbin Carroll,ARI,142,25878,682998,Corbin Carroll,32,124,38,26,5,5,2,28,13,11,0,25,5,1,1,2,16,1,0.306451612,0.077464788,0.176056338,0.44,0.382978723,0.475806451,0.858785174,0.169354839,0.367346938,23.50073288626316,6.198859336444167,0.3709378242492676,132.958797421124,1.105263157,0.2,0.42,0.38,0.131578947,0.052631578,0.095238095,0,0.36633663,0.31683168,0.31683168,0.16831683,0.46534653,0.36633663,101,90.215,110.7,12.02,7,0.06930693,41,0.40594059,0.2877519715402741,0.44454022990671105,0.35636198413492254,195,73.23469919057993,0.2974359,6.822659240624843,0.4,0.32820513,0.14375,0.11794872,26.482281670203577,4.874070283273856,-1.667235768147004,0.43589744,0.30314961,0.61864407,0.45510204,0.64935065,0.91780822,0.82511211,0.48163265,0.62676056,0.07959184,0.1755102,0.25510204,18.91642651
2023,Adley Rutschman,BAL,190,26288,668939,Adley Rutschman,41,163,44,32,7,1,4,28,24,23,1,21,2,2,0,3,1,1,0.26993865,0.121052631,0.110526315,1.095238095,0.363157894,0.398773006,0.7619309,0.128834356,0.285714285,25.75678587734399,2.606391690966464,0.3348921764464605,114.54607541933916,1.25490196,0.201388888,0.444444444,0.354166666,0.117647058,0.078431372,0.046875,0,0.39583333,0.3125,0.29166667,0.15277778,0.54861111,0.29861111,144,88.4833333293597,109.5,15.17361111111111,9,0.0625,53,0.36805556,0.29109206171334934,0.4575816832491385,0.3700213373476078,309,70.5062124381945,0.11003236,6.8979647090134115,0.33948339,0.29773463,0.13284133,0.11650485,37.69872796265439,9.383387412984394,-2.4546991491202013,0.51456311,0.21287129,0.66169154,0.43672457,0.75581395,0.92857143,0.88636364,0.49875931,0.57894737,0.04962779,0.17369727,0.22332506,19.34142395
2023,Gunnar Henderson,BAL,178,26289,683002,Gunnar Henderson,39,162,42,23,7,3,9,28,26,14,0,44,1,1,0,1,1,1,0.259259259,0.078651685,0.247191011,0.318181818,0.320224719,0.506172839,0.826397558,0.24691358,0.3,26.29431319534771,4.606049168109816,0.3495324625727836,124.69357864131933,1.365853658,0.184873949,0.470588235,0.344537815,0.024390243,0.219512195,0.053571428,0,0.40336134,0.37815126,0.21848739,0.07563025,0.53781513,0.38655462,119,92.95630261076599,113.8,9.890756302521009,15,0.12605042,67,0.56302521,0.2555701207703002,0.4802103745233681,0.34369072470332634,170,75.26204519832835,0.55882353,7.238240317737355,0.32539683,0.24117647,0.21428571,0.15882353,32.97311993767234,10.092200588128145,-2.8890021871117986,0.46470588,0.24188791,0.69491525,0.47330447,0.67073171,0.81707317,0.7804878,0.51082251,0.64606742,0.1038961,0.15873016,0.26262626,18.63085938
2023,Bryson Stott,PHI,186,26294,681082,Bryson Stott,39,174,44,34,7,0,3,15,13,10,0,31,0,2,0,5,7,1,0.252873563,0.05376344,0.166666666,0.322580645,0.29032258,0.344827586,0.635150166,0.091954023,0.288732394,16.40615491219732,-6.256862554466998,0.277870362804782,69.95000812746606,1.466666666,0.223776223,0.461538461,0.314685314,0.066666666,0.066666666,0.06060606,1,0.37241379,0.27586207,0.35172414,0.11724138,0.6,0.28275862,145,87.85174805967958,108,9.986013986013987,5,0.03448276,52,0.35862069,0.2598803922361373,0.3645924891836288,0.29280592611319917,4,67.9102029800415,0,7.398920178413391,0,0,0,0,31.17166757583618,12.877712607383728,-0.36026501655578613,0.75,0.288,0.59466019,0.44853875,0.81481481,0.90204082,0.87535411,0.52350699,0.62365591,0.05590851,0.22109276,0.27700127,18.69782972
2023,Elly De La Cruz,CIN,96,26668,682829,Elly De La Cruz,22,87,18,11,1,1,5,14,6,8,3,39,1,0,0,0,1,3,0.206896551,0.083333333,0.40625,0.205128205,0.28125,0.413793103,0.695043103,0.206896552,0.302325581,9.24318789242827,-2.4538533806887948,0.2875970640490132,73.24500674666012,1.384615384,0.340425531,0.382978723,0.276595744,0.076923076,0.384615384,0.055555555,0,0.47916667,0.375,0.14583333,0.125,0.54166667,0.33333333,48,93.29787201577045,113.7,6.276595744680851,7,0.14583333,23,0.47916667,0.24604404328562235,0.47262823390613856,0.32827239327873753,176,76.80317124453458,0.64204545,7.598204672336578,0.20967742,0.14772727,0.15322581,0.10795455,36.682381293990396,8.324242832562463,0.9005723885175857,0.48295455,0.38793103,0.6626506,0.50251256,0.57777778,0.83636364,0.72,0.41708543,0.63541667,0.14070352,0.14572864,0.28643216,18.67540984
2023,Ha-Seong Kim,SDP,335,27506,673490,Ha-Seong Kim,73,287,77,56,10,0,11,52,35,42,0,58,2,1,3,4,25,5,0.268292682,0.125373134,0.173134328,0.724137931,0.364457831,0.418118466,0.782576297,0.149825784,0.301369863,48.262882197272994,7.44508192129157,0.345134468681841,120.31999286265822,1.216867469,0.2,0.439130434,0.360869565,0.108433734,0.13253012,0.0990099,0,0.45922747,0.33476395,0.20600858,0.18025751,0.52360515,0.29613734,233,86.99999996682872,107,12.443478260869565,9,0.03862661,70,0.30042918,0.24636222014142012,0.3629626760880693,0.31747333302227304,372,67.67551626184935,0.04032258,6.902854479769225,0.35603715,0.30913978,0.07739938,0.0672043,24.90847138948338,6.016217955978968,-1.4643131431632785,0.53494624,0.20243531,0.53684211,0.38179252,0.7518797,0.88970588,0.85582255,0.53634439,0.57313433,0.05504587,0.23641496,0.29146083,18.36118849
2023,Edouard Julien,MIN,241,27534,666397,Edouard Julien,57,196,49,31,10,0,8,37,20,42,0,78,0,2,1,2,2,0,0.25,0.174273858,0.323651452,0.538461538,0.379166666,0.423469387,0.802636053,0.173469387,0.366071428,36.575755644502976,7.211308281782005,0.3544039090474447,125.83618986109057,1.827586206,0.316666666,0.441666666,0.241666666,0.034482758,0.275862068,0.056603773,0,0.41322314,0.30578512,0.28099174,0.14876033,0.52892562,0.32231405,121,89.41333328882853,108.2,10.391666666666667,12,0.09917355,55,0.45454545,0.22813663287658473,0.4019264589177863,0.33942824239687375,200,71.61151819229126,0.13,6.808080916404724,0.31410256,0.245,0.14102564,0.11,44.65183172225952,13.525061773434281,-10.61315582305193,0.46,0.13931298,0.59375,0.36389961,0.47945205,0.8125,0.74801061,0.49420849,0.58506224,0.09169884,0.21235521,0.30405405,17.97856242
2023,Anthony Volpe,NYY,123,27647,683011,Anthony Volpe,29,110,21,13,3,1,4,11,13,13,0,31,0,0,0,2,5,1,0.19090909,0.105691056,0.25203252,0.419354838,0.276422764,0.345454545,0.621877309,0.154545455,0.226666666,10.565357986963445,-4.421476144217796,0.27509143342816733,72.77618367998458,1.222222222,0.23076923,0.423076923,0.346153846,0.037037037,0.148148148,0.06060606,0,0.4556962,0.34177215,0.20253165,0.10126582,0.46835443,0.43037975,79,91.81794939285669,107.4,12.807692307692308,7,0.08860759,42,0.53164557,0.2518148209814998,0.4570673354605043,0.3411054276327444,1,73.34781646728516,0,7.8296098709106445,0,0,0,0,34.96322250366211,18.49273109436035,-6.736690521240234,1,0.23144105,0.72727273,0.48043478,0.50943396,0.80357143,0.73303167,0.50217391,0.6097561,0.12826087,0.13695652,0.26521739,17.8816568
2023,Zach Neto,LAA,79,31347,687263,Zach Neto,17,73,15,12,1,0,2,10,9,4,0,18,2,0,0,2,1,0,0.205479452,0.050632911,0.227848101,0.222222222,0.265822784,0.301369863,0.567192647,0.095890411,0.245283018,5.412049347822088,-4.21364086651383,0.25415204446527023,55.92319310754338,1.142857142,0.181818181,0.436363636,0.381818181,0.142857142,0.095238095,0.125,0,0.41818182,0.30909091,0.27272727,0.14545455,0.56363636,0.29090909,55,87.62545422640714,106.7,13.49090909090909,5,0.09090909,25,0.45454545,0.21470018280255418,0.4006058483700306,0.2939550680096579,71,69.86405310832279,0.08450704,7.22887790035194,0.26086957,0.16901408,0.08695652,0.05633803,34.04011772048305,16.55981221669157,-5.465895269958066,0.47887324,0.26896552,0.68553459,0.48684211,0.43589744,0.80733945,0.70945946,0.52302632,0.6835443,0.14144737,0.16447368,0.30592105,18.43049327
2023,Nolan Schanuel,LAA,128,33189,694384,Nolan Schanuel,28,108,29,25,3,0,1,19,6,17,1,19,3,0,0,1,0,0,0.268518518,0.1328125,0.1484375,0.894736842,0.3828125,0.324074074,0.706886574,0.055555556,0.318181818,16.16329117344227,0.5672361426195173,0.3237106429310296,104.13578239421138,2.15,0.284090909,0.488636363,0.227272727,0.05,0.05,0.046511627,0,0.3258427,0.34831461,0.3258427,0.13483146,0.69662921,0.16853933,89,85.69204538518733,103.5,6.738636363636363,2,0.02247191,23,0.25842697,0.2758331305252526,0.3655750329597612,0.3407037905289051,184,64.99589126006417,0.00543478,6.559546872325566,0.40397351,0.33152174,0.03311258,0.02717391,38.71194167759108,10.065283208761526,-2.0632655455366424,0.48369565,0.20703125,0.6468254,0.42519685,0.75471698,0.87730061,0.84722222,0.49606299,0.6015625,0.06496063,0.18897638,0.25393701,18.18783069
2024,Tommy Pham,2 Tms,332,2967,502054,Tommy Pham,75,305,78,59,13,2,4,33,20,26,0,75,1,0,0,3,7,3,0.255737704,0.078313253,0.225903614,0.346666666,0.31626506,0.350819672,0.667084732,0.095081968,0.327433628,35.106301715828614,-3.7304180653317376,0.29621862323887377,91.21442140737116,1.182926829,0.22173913,0.42173913,0.356521739,0.073170731,0.048780487,0.072164948,0,0.37826087,0.33043478,0.29130435,0.13478261,0.54347826,0.32173913,230,90.90567657937129,112.4,12.620087336244541,16,0.06956522,101,0.43913043,0.260174064902362,0.4096220419841733,0.32177871864941815,481,72.70308843124928,0.21829522,6.922863753074916,0.38095238,0.2993763,0.17195767,0.13513514,28.118385422006714,8.155135336512092,2.151210416677619,0.55093555,0.18619583,0.60202605,0.40487062,0.5,0.86057692,0.78195489,0.52587519,0.59638554,0.08828006,0.21765601,0.30593607,17.2597137
2024,Jose Altuve,HOU,680,5417,514888,Jose Altuve,151,626,185,134,31,0,20,94,65,47,2,118,7,0,0,15,22,7,0.295527156,0.069117647,0.173529411,0.398305084,0.351470588,0.440894568,0.792365156,0.145367412,0.338114754,98.74122157681089,19.19613286841016,0.3452529705027915,127.43671543300836,1.246987951,0.246464646,0.418181818,0.335353535,0.078313253,0.120481927,0.082125603,0.692307692,0.55511811,0.30314961,0.14173228,0.16141732,0.55314961,0.28543307,508,86.49494953348179,108.4,14.16969696969697,33,0.06496063,159,0.31299213,0.26139045450184495,0.4070874401951209,0.3199824113667044,1002,69.41655524095852,0.12974052,7.784334829467499,0.33248731,0.26147705,0.09010152,0.07085828,30.18365199456434,16.49691879375282,-4.116624000201563,0.49401198,0.36901198,0.67963801,0.5096272,0.65720081,0.88814913,0.79662379,0.45268333,0.64558824,0.10364605,0.14707087,0.25071692,19.15170455
2024,Charlie Blackmon,COL,459,7859,453568,Charlie Blackmon,105,411,108,68,23,5,12,56,45,41,0,78,6,1,0,4,6,2,0.262773722,0.089324618,0.16993464,0.525641025,0.337690631,0.430656934,0.768347565,0.167883212,0.298136645,62.99453657635282,9.301601698182328,0.33535724280966134,101.71111505868188,0.848920863,0.228228228,0.354354354,0.417417417,0.129496402,0.086330935,0.076271186,1,0.44610778,0.35628743,0.19760479,0.22155689,0.48802395,0.29041916,334,84.82164632983324,107.6,16.51063829787234,19,0.05688623,90,0.26946108,0.25075570902393746,0.3859584820711999,0.31851435527472144,694,67.45781280121817,0.0259366,7.130724156624302,0.29453263,0.24063401,0.0670194,0.05475504,31.100295116303634,9.448903013922553,5.420567937564341,0.55475504,0.28716216,0.65163472,0.46929577,0.70196078,0.88754325,0.83073229,0.49971831,0.61437908,0.07943662,0.17070423,0.25014085,18.015163
2024,Andrew McCutchen,PIT,364,9847,457705,Andrew McCutchen,81,318,80,52,12,1,15,51,35,39,1,90,6,1,0,6,2,2,0.251572327,0.107142857,0.247252747,0.433333333,0.343406593,0.437106918,0.780513511,0.185534591,0.303738317,51.578536916299576,8.998518842979188,0.34089395198611844,116.98630742156368,1.02173913,0.187772925,0.410480349,0.401746724,0.141304347,0.163043478,0.106382978,0,0.41048035,0.40174672,0.18777293,0.1790393,0.47598253,0.34497817,229,89.1385963506866,109.8,13.833333333333334,27,0.11790393,85,0.37117904,0.2348999446225001,0.44418719131316486,0.33804007548359083,557,73.03547123304604,0.28186715,7.598020524482111,0.30695444,0.22980251,0.1558753,0.11669659,33.24724685011475,12.249017724763982,0.47020503184030793,0.56912029,0.16939891,0.65145754,0.41946088,0.49193548,0.80544747,0.74451411,0.51873767,0.62087912,0.10716634,0.19395135,0.30111769,17.70721112
2024,Jurickson Profar,SDP,83,10815,595777,Jurickson Profar,19,71,27,18,5,0,4,13,11,9,1,7,1,1,1,0,3,0,0.38028169,0.108433734,0.084337349,1.285714285,0.451219512,0.619718309,1.070937821,0.239436619,0.37704918,19.152545691385196,9.443365746095107,0.4515395760536194,196.97509387740138,1.260869565,0.2,0.446153846,0.353846153,0.086956521,0.173913043,0.103448275,0,0.36363636,0.43939394,0.1969697,0.16666667,0.45454545,0.37878788,66,91.54153853196364,108.1,11.215384615384615,6,0.09090909,32,0.48484848,0.33977489898794555,0.5626792960052549,0.4160197761835369,129,71.8318555669267,0.25581395,7.373095782228218,0.37037037,0.31007752,0.15740741,0.13178295,30.451173737991688,7.984181942750317,-2.6435788129420246,0.47286822,0.26857143,0.68208092,0.47413793,0.82978723,0.87288136,0.86060606,0.49712644,0.61445783,0.06609195,0.15229885,0.2183908,18.46240602
2024,Xander Bogaerts,SDP,129,12161,593428,Xander Bogaerts,29,118,25,20,3,0,2,17,11,11,0,23,0,0,0,1,2,0,0.211864406,0.085271317,0.178294573,0.478260869,0.279069767,0.288135593,0.56720536,0.076271187,0.247311827,9.50775156072875,-5.582419679541388,0.25641250194505205,65.64119779280946,1.714285714,0.2,0.505263157,0.294736842,0.107142857,0.071428571,0.0625,0,0.47368421,0.38947368,0.13684211,0.14736842,0.62105263,0.23157895,95,85.47368384913395,108.9,13,5,0.05263158,25,0.26315789,0.2736964986488446,0.38702239511478853,0.3226351096491271,140,70.27883949279786,0.14285714,7.227536518233163,0.31707317,0.27857143,0.09756098,0.08571429,33.18707387106759,13.02780643478036,-3.19001620646034,0.51428571,0.2139738,0.5625,0.40812379,0.7755102,0.90123457,0.87203791,0.55705996,0.69767442,0.05222437,0.23791103,0.2901354,18.55526992
2024,Marcus Semien,TEX,667,12533,543760,Marcus Semien,147,605,145,97,25,2,21,98,70,58,1,95,3,1,0,7,8,3,0.239669421,0.086956521,0.142428785,0.610526315,0.308845577,0.391735537,0.700581114,0.152066116,0.253061224,76.38847151963876,-1.6359022575719544,0.3071317847247596,101.46799661200438,0.930232558,0.187866927,0.391389432,0.420743639,0.139534883,0.097674418,0.11,0,0.50097847,0.29549902,0.2035225,0.17221135,0.49902153,0.32876712,511,87.34842510673944,112.1,16.940944881889763,34,0.0665362,182,0.35616438,0.25523020856336154,0.41064181107798736,0.3231173029101312,1032,68.32370458277622,0.04166667,7.643931836120842,0.37352246,0.30620155,0.12174941,0.0998062,32.16924262970917,13.181162272607041,-6.451211141039755,0.57945736,0.2514193,0.76254181,0.50308769,0.59032258,0.88596491,0.81096563,0.4923837,0.60569715,0.09510086,0.13132977,0.22643063,18.20546386
2024,George Springer,TOR,453,12856,543807,George Springer,101,407,87,59,13,3,12,50,33,41,0,85,4,1,0,10,14,1,0.213759213,0.090507726,0.187637969,0.482352941,0.291390728,0.348894348,0.640285076,0.135135135,0.241157556,43.58852968108135,-9.402536767309137,0.28439054425978505,84.65374016912088,1.53271028,0.160990712,0.507739938,0.331269349,0.112149532,0.112149532,0.06707317,0,0.37770898,0.37151703,0.25077399,0.17027864,0.54798762,0.28173375,323,87.48606792839688,109.7,9.479876160990711,28,0.08668731,120,0.37151703,0.2297952470612193,0.3888534397076751,0.30971943680197,687,71.69975672781554,0.20960699,7.422008606023663,0.35104364,0.26928675,0.14990512,0.11499272,34.053553257793666,10.715147809018388,1.8859319220333641,0.50946143,0.24431138,0.7182448,0.48559671,0.54901961,0.83762058,0.76634383,0.50911229,0.65342163,0.11346267,0.1510876,0.26455026,18.2979066
2024,Anthony Rendon,LAA,142,12861,543685,Anthony Rendon,32,128,29,23,6,0,0,13,6,11,0,26,1,2,0,2,4,1,0.2265625,0.077464788,0.183098591,0.423076923,0.288732394,0.2734375,0.562169894,0.046875,0.278846153,10.221282174775306,-6.389603996684847,0.2542722053091291,61.650817378573166,0.977777777,0.144230769,0.423076923,0.432692307,0.177777777,0,0.159090909,0,0.33653846,0.375,0.28846154,0.22115385,0.46153846,0.31730769,104,87.72912608767018,108.9,14.451923076923077,4,0.03846154,40,0.38461538,0.22243131356823487,0.3604190639306344,0.2882899650346144,172,68.50105886681135,0.02325581,6.683048090269399,0.38410596,0.3372093,0.12582781,0.11046512,33.21895688079124,6.884808263893044,-1.812220463919085,0.49418605,0.16666667,0.57621951,0.39130435,0.77777778,0.92063492,0.89316239,0.54849498,0.71126761,0.04180602,0.24080268,0.2826087,17.81677704
2024,Francisco Lindor,NYM,500,12916,596019,Francisco Lindor,109,446,135,77,31,1,26,82,71,42,0,97,10,2,0,4,23,2,0.302690582,0.084,0.194,0.43298969,0.374,0.551569506,0.925569506,0.248878924,0.335384615,92.86883826621205,34.37980245121151,0.39560952413082123,158.90094814041572,0.773333333,0.24,0.331428571,0.428571428,0.073333333,0.173333333,0.068965517,1,0.45584046,0.33903134,0.20512821,0.11965812,0.5014245,0.37891738,351,91.52114310128349,112.7,16.81142857142857,54,0.15384615,171,0.48717949,0.2831138843699722,0.5673792478273468,0.39490669416543095,860,72.52581414954606,0.24534884,7.588707328397175,0.35714286,0.27325581,0.18085106,0.13837209,34.06740936456725,13.006989951435001,-0.3287666339340598,0.56860465,0.26570546,0.69863014,0.48770697,0.64341085,0.83753501,0.78600823,0.51279478,0.598,0.10436528,0.15002509,0.25439037,18.44324324
2024,Brandon Nimmo,NYM,182,12927,607043,Brandon Nimmo,40,148,32,18,7,1,6,21,27,28,0,35,6,0,0,0,2,0,0.216216216,0.153846153,0.192307692,0.8,0.362637362,0.398648648,0.76128601,0.182432432,0.242990654,25.880703363649715,4.590694326989523,0.3415181466511318,122.49374334095597,0.977272727,0.230088495,0.380530973,0.38938053,0.045454545,0.136363636,0.046511627,0,0.31858407,0.39823009,0.28318584,0.12389381,0.50442478,0.37168142,113,92.84159300812578,111.1,12.79646017699115,15,0.13274336,57,0.50442478,0.28917681867633727,0.5494991284121956,0.4194918230654497,251,72.93684840107345,0.32669323,7.299405569099335,0.30348259,0.24302789,0.15422886,0.12350598,30.3671391855673,5.970860271963228,-3.0234052236099167,0.48605578,0.22885572,0.60160428,0.40850515,0.60869565,0.87111111,0.79495268,0.48195876,0.55494505,0.08376289,0.17654639,0.26030928,18.02356902
2024,Mookie Betts,LAD,331,13611,605141,Mookie Betts,72,283,86,57,16,3,10,50,40,47,0,34,1,0,0,5,9,1,0.303886925,0.141993957,0.102719033,1.382352941,0.404833836,0.487632508,0.892466344,0.183745583,0.317991631,59.67392306325968,20.954181353729325,0.38883329212125334,151.6005660086667,0.586206896,0.261044176,0.273092369,0.465863453,0.086206896,0.086206896,0.073529411,0,0.32128514,0.40160643,0.27710843,0.12851406,0.56626506,0.30522088,249,90.47590352253742,109.4,20.14457831325301,15,0.06024096,100,0.40160643,0.28569204383406316,0.4730974154513125,0.37722041965462266,360,69.51628090540568,0.12222222,6.893433875507778,0.43260188,0.38333333,0.14106583,0.125,34.49785642623901,7.8444395279422885,-3.340140295877225,0.53055556,0.19134078,0.575,0.37241888,0.67883212,0.94021739,0.86930693,0.4719764,0.58006042,0.04867257,0.21017699,0.25884956,18.06634146
2024,Ketel Marte,ARI,271,13613,606466,Ketel Marte,58,236,74,45,13,0,16,42,43,27,2,50,3,5,0,2,1,1,0.313559322,0.099630996,0.184501845,0.54,0.383763837,0.572033898,0.955797735,0.258474576,0.331428571,51.75262449111539,20.0515670793851,0.40210930631949554,159.07084981115497,1.548387096,0.172774869,0.502617801,0.324607329,0.048387096,0.258064516,0.0625,0,0.5026178,0.29319372,0.20418848,0.12565445,0.42931937,0.44502618,191,93.6552629972759,115.1,8.136842105263158,21,0.10994764,100,0.52356021,0.2981428586892744,0.5455283260007607,0.39810046039386165,397,74.71041118708305,0.50629723,7.763011224924467,0.33855799,0.2720403,0.20376176,0.16372796,34.21610511280127,8.433235978693595,-1.218288118352818,0.48110831,0.29960317,0.73417722,0.51022495,0.63576159,0.88505747,0.80961924,0.48466258,0.60885609,0.09713701,0.12576687,0.22290389,18.44950213
2024,Jorge Soler,2 Tms,184,14221,624585,Jorge Soler,41,156,43,21,14,1,7,30,24,27,0,47,1,0,0,4,1,0,0.275641025,0.14673913,0.255434782,0.574468085,0.385869565,0.512820512,0.898690077,0.237179487,0.352941176,33.00862505508568,11.484659875165484,0.3877286855941233,151.86582565466344,0.869565217,0.211009174,0.366972477,0.422018348,0.130434782,0.152173913,0.05,0,0.49541284,0.25688073,0.24770642,0.17431193,0.42201835,0.40366972,109,91.26880768242232,114,16,19,0.17431193,53,0.48623853,0.27766396308195396,0.536006069377226,0.39791102204269363,295,75.09152268231925,0.50169492,7.942838891886049,0.28636364,0.21355932,0.17272727,0.12881356,33.60286061561714,10.450268777750306,-9.74760179282245,0.55254237,0.24829157,0.6143617,0.41717791,0.44954128,0.87445887,0.73823529,0.46134969,0.54347826,0.10920245,0.1791411,0.28834356,17.60383387
2024,Manuel Margot,MIN,149,14712,622534,Manuel Margot,42,136,43,29,11,0,3,21,17,11,0,18,1,1,0,5,3,0,0.31617647,0.073825503,0.120805369,0.611111111,0.369127516,0.463235294,0.83236281,0.147058824,0.344827586,23.54772013415321,6.117987461283052,0.361194506187567,137.29066607013186,0.936170212,0.215517241,0.379310344,0.405172413,0.170212765,0.063829787,0.113636363,0.333333333,0.35294118,0.39495798,0.25210084,0.16806723,0.56302521,0.26890756,119,89.02280707108348,111.2,16,7,0.05882353,41,0.34453782,0.2921464180707612,0.4504982493374733,0.35561993714345963,256,72.24899038672447,0.2109375,7.187594514340162,0.28504673,0.23828125,0.13551402,0.11328125,27.899222414940596,5.172404334545718,0.9480067089316435,0.43359375,0.25806452,0.69899666,0.48615917,0.75,0.88516746,0.85053381,0.51730104,0.63087248,0.07266436,0.16608997,0.23875433,17.56501182
2024,Mike Yastrzemski,SFG,105,14854,573262,Mike Yastrzemski,29,92,20,9,4,0,7,16,14,12,0,28,1,0,0,0,0,0,0.217391304,0.114285714,0.266666666,0.428571428,0.314285714,0.489130434,0.803416148,0.27173913,0.228070175,15.277920088077352,2.9952225669272377,0.34562113625662666,124.36466821790447,0.5625,0.21875,0.28125,0.5,0.0625,0.21875,0,0,0.484375,0.296875,0.21875,0.0625,0.578125,0.359375,64,92.82656252384186,106.6,18.28125,11,0.171875,32,0.5,0.23971915550266756,0.5349403048015159,0.369267854291857,180,71.06711023118761,0.06666667,7.555297782686021,0.32352941,0.24444444,0.14705882,0.11111111,31.466088665856255,12.082138226760758,1.7554026663303375,0.65,0.27403846,0.66350711,0.47016706,0.61403509,0.81428571,0.75634518,0.50357995,0.57142857,0.11455847,0.17183771,0.28639618,18.49044586
2024,Mike Tauchman,CHC,116,15274,643565,Mike Tauchman,28,101,30,24,2,1,3,15,13,14,0,24,0,1,0,1,3,1,0.297029702,0.120689655,0.206896551,0.583333333,0.379310344,0.425742574,0.805052918,0.128712872,0.36,17.654726953050375,4.08527064397025,0.353935523279782,129.3710022645096,0.90625,0.217948717,0.371794871,0.41025641,0.03125,0.09375,0.034482758,0,0.3974359,0.32051282,0.28205128,0.12820513,0.52564103,0.34615385,78,90.38846133305476,110.3,14.525641025641026,7,0.08974359,36,0.46153846,0.2489133042981848,0.41655726080626654,0.3364030665091785,209,69.65120368482964,0.03349282,6.9343914073049735,0.31952663,0.25837321,0.12426036,0.10047847,34.23045272462106,5.705506556056903,-3.3055374861191336,0.38277512,0.23451327,0.69961977,0.48466258,0.62264151,0.86413043,0.81012658,0.53783231,0.60344828,0.09202454,0.14928425,0.24130879,17.51075269
2024,J.P. Crawford,SEA,363,15491,641487,J.P. Crawford,82,315,62,39,13,1,9,47,32,44,0,80,3,1,0,3,5,0,0.196825396,0.121212121,0.220385674,0.55,0.300275482,0.33015873,0.630434212,0.133333334,0.233480176,34.91204574295744,-7.5509942587329455,0.2843340310183438,90.65906499144266,1.258823529,0.179487179,0.457264957,0.363247863,0.070588235,0.105882352,0.056074766,0.5,0.34745763,0.41101695,0.24152542,0.18220339,0.50423729,0.31355932,236,88.4280171887628,110.7,13.012931034482758,17,0.0720339,96,0.40677966,0.22955208504609703,0.38434792674383145,0.31914644746220777,524,72.02438275868656,0.24236641,7.2900814291175084,0.29205607,0.23854962,0.13084112,0.10687023,37.013460028262536,8.490631553906066,2.0567140773734973,0.43129771,0.18157895,0.62178703,0.40963855,0.6884058,0.88188976,0.84055728,0.51807229,0.60606061,0.06531389,0.19911224,0.26442613,17.73278008
2024,Austin Slater,2 Tms,97,16153,596103,Austin Slater,28,87,18,16,1,0,1,10,6,8,0,31,1,1,0,1,2,2,0.206896551,0.082474226,0.319587628,0.258064516,0.278350515,0.252873563,0.531224078,0.045977012,0.303571428,6.161397054657918,-5.185475893452185,0.24375944715185263,56.38590873288576,2.454545454,0.296296296,0.5,0.203703703,0,0.09090909,0.148148148,1,0.35087719,0.36842105,0.28070175,0.10526316,0.64912281,0.24561404,57,87.56481509738498,105.2,7.166666666666667,1,0.01754386,21,0.36842105,0.22903874911496352,0.3117781673911317,0.277325699221074,155,72.32599487304688,0.23870968,6.896546631474648,0.28571429,0.19354839,0.11428571,0.07741935,38.59711590428506,12.709394409579616,8.55281279163976,0.4516129,0.22916667,0.63849765,0.44444444,0.54545455,0.76470588,0.71111111,0.52592593,0.63917526,0.12839506,0.18024691,0.30864198,17.58306189
2024,Kyle Schwarber,PHI,691,16478,656941,Kyle Schwarber,149,572,142,82,22,0,38,110,104,106,4,196,5,8,0,6,5,3,0.248251748,0.153400868,0.283646888,0.540816326,0.366136034,0.486013986,0.85215002,0.237762238,0.300578034,112.06626126980471,31.234413773473975,0.36634004176790885,134.38117277462197,1.038961038,0.182291666,0.416666666,0.401041666,0.149350649,0.246753246,0.05625,0,0.50520833,0.33333333,0.16145833,0.15885417,0.3984375,0.44270833,384,93.55748046915049,115.6,14.971128608923884,60,0.15625,211,0.54947917,0.2520238638117743,0.5210996122716931,0.380789470517478,953,77.51258880519167,0.77964323,7.7097191280232895,0.32258065,0.23084995,0.23020528,0.16474292,29.30283318486569,13.070146527997407,4.458966903896672,0.6726128,0.20909708,0.60632818,0.39971751,0.46753247,0.79247573,0.7040636,0.47987288,0.55861071,0.11829096,0.18432203,0.30261299,18.03317757
2024,Isiah Kiner-Falefa,2 Tms,197,16512,643396,Isiah Kiner-Falefa,44,190,48,35,9,1,3,23,11,3,0,40,4,0,0,1,5,1,0.252631578,0.015228426,0.203045685,0.075,0.279187817,0.357894736,0.637082553,0.105263158,0.306122448,17.99942683159922,-5.045253279510991,0.27835934839877985,75.77824595946693,1.772727272,0.181208053,0.523489932,0.295302013,0.204545454,0.068181818,0.089743589,0,0.38666667,0.38,0.23333333,0.15333333,0.51333333,0.33333333,150,87.88255028436647,107.4,10.718120805369127,3,0.02,53,0.35333333,0.23756237241231198,0.32992654893437007,0.2636719957350985,285,66.82535030967311,0.02807018,6.8536180630064845,0.40248963,0.34035088,0.12448133,0.10526316,31.165377399377654,7.11910592709717,-0.3532753649510835,0.44912281,0.29938272,0.63342318,0.47769784,0.70103093,0.90638298,0.84638554,0.53381295,0.62436548,0.07338129,0.20863309,0.28201439,17.30040323
2024,Yandy Díaz,TBR,574,16578,650490,Yandy Diaz,130,520,147,103,29,1,14,54,64,47,0,89,3,4,0,11,0,0,0.282692307,0.081881533,0.155052264,0.528089887,0.343205574,0.423076923,0.766282497,0.140384616,0.315914489,78.40263158024472,11.257218464624104,0.33454586165707284,123.16722161691267,1.991666666,0.174712643,0.549425287,0.275862068,0.166666666,0.116666666,0.066945606,0,0.28965517,0.41609195,0.29425287,0.16091954,0.47586207,0.36321839,435,92.25578709884927,117.4,5.427251732101617,35,0.08045977,211,0.48505747,0.2734484510983537,0.43852549068300084,0.34186718704736746,838,73.29115053691272,0.34606205,7.516956670187538,0.35967302,0.3150358,0.21662125,0.18973747,25.39163666294981,3.2666473547744106,7.060233834076246,0.38663484,0.22862286,0.64328486,0.44122807,0.76771654,0.90957447,0.87375746,0.5127193,0.58013937,0.05570175,0.18070175,0.23640351,18.25823529
2024,Gleyber Torres,NYY,266,16997,650402,Gleyber Torres,56,237,67,50,11,0,6,38,22,25,0,50,1,3,0,1,2,0,0.282700421,0.093984962,0.187969924,0.5,0.34962406,0.405063291,0.754687351,0.12236287,0.331521739,35.641849912043924,4.5256828584636395,0.3313179311895729,118.1983594866407,0.959459459,0.232804232,0.375661375,0.391534391,0.04054054,0.081081081,0.070422535,0,0.34210526,0.31578947,0.34210526,0.13157895,0.60526316,0.26315789,190,89.4973261012113,111.2,12.983957219251337,9,0.04736842,66,0.34736842,0.2573122589170259,0.39661256614626644,0.3279802141081415,409,70.09914802047618,0.10513447,7.172061730130669,0.35329341,0.28850856,0.10778443,0.08801956,34.52108212030313,6.453848511836785,6.026949603265392,0.48899756,0.1959707,0.67008547,0.44120248,0.64485981,0.86989796,0.82164329,0.51724138,0.61654135,0.07869142,0.17595049,0.25464191,17.95517241
2024,Alex Verdugo,NYY,85,17027,657077,Alex Verdugo,17,76,19,12,7,0,0,16,5,6,0,13,0,3,0,1,0,0,0.25,0.070588235,0.152941176,0.461538461,0.294117647,0.342105263,0.63622291,0.092105263,0.287878787,7.63416552907063,-2.3089705594794605,0.2764286574195413,79.58812338641562,1.208333333,0.184615384,0.446153846,0.369230769,0.083333333,0,0.068965517,0,0.25757576,0.43939394,0.3030303,0.12121212,0.62121212,0.25757576,66,88.33538448627178,110.7,12.292307692307693,6,0.09090909,20,0.3030303,0.23216290825113997,0.3757100914846983,0.2955927937209387,119,69.50546806399562,0.08403361,6.305133422883618,0.43617021,0.34453782,0.10638298,0.08403361,31.650649399316613,4.815755585787677,-1.9210555636707474,0.41176471,0.22818792,0.6163522,0.42857143,0.61764706,0.87755102,0.81060606,0.51623377,0.57647059,0.08116883,0.19805195,0.27922078,17.53153153
2024,Willi Castro,MIN,227,17338,650489,Willi Castro,50,198,58,37,16,0,5,38,26,20,0,54,8,1,0,3,3,3,0.292929292,0.088105726,0.237885462,0.37037037,0.378854625,0.449494949,0.828349574,0.156565657,0.378571428,36.27351303558502,9.719490775574775,0.36337727150728,138.82606777172106,0.964285714,0.23076923,0.377622377,0.391608391,0.071428571,0.089285714,0.018518518,0,0.4,0.36551724,0.23448276,0.13103448,0.48965517,0.37931034,145,88.89860135858709,109.8,13.888111888111888,12,0.08275862,59,0.40689655,0.2534963948225292,0.428488200112373,0.34367707013234594,401,70.67613730109541,0.17705736,7.065859259512656,0.31071429,0.21695761,0.14642857,0.10224439,38.216862704688474,10.342810116457448,2.8199707677313812,0.48628429,0.30105263,0.74047619,0.50726257,0.42657343,0.85209003,0.71806167,0.46927374,0.61674009,0.14301676,0.14078212,0.28379888,17.98030303
2024,Taylor Ward,LAA,182,17548,621493,Taylor Ward,42,162,45,29,5,2,9,22,20,16,0,42,3,1,0,2,3,1,0.277777777,0.087912087,0.23076923,0.38095238,0.351648351,0.5,0.851648351,0.222222223,0.321428571,29.50138577979841,8.211376743138219,0.3662353007348029,140.40794517386786,0.672727272,0.239669421,0.305785123,0.454545454,0.072727272,0.163636363,0.027027027,0,0.37190083,0.3553719,0.27272727,0.11570248,0.51239669,0.37190083,121,90.42314047064663,109.4,20,16,0.1322314,49,0.40495868,0.2526742444240005,0.4732379043973511,0.34833990776358725,271,70.68997313439625,0.1402214,7.159964422458212,0.38164251,0.29151292,0.12560386,0.09594096,31.64397824558385,8.802365207144256,-1.2802930465483577,0.49077491,0.20891365,0.69318182,0.44866385,0.48,0.83606557,0.7523511,0.49507736,0.6043956,0.11111111,0.16877637,0.27988748,17.62121212
2024,Ian Happ,CHC,306,17919,664023,Ian Happ,66,268,66,41,14,2,9,43,33,37,0,72,1,0,0,1,6,0,0.246268656,0.120915032,0.235294117,0.513888888,0.339869281,0.414179104,0.754048385,0.167910448,0.304812834,41.14112383019338,5.345833911413054,0.3318847376926273,114.52931206791658,0.788888888,0.178571428,0.362244897,0.459183673,0.055555555,0.1,0.070422535,0,0.33163265,0.36734694,0.30102041,0.13265306,0.49489796,0.37244898,196,91.59692333906125,113.5,16.743589743589745,20,0.10204082,85,0.43367347,0.23482759024953115,0.4306876573965393,0.33478947827882577,495,72.20007165465692,0.23434343,6.9287550117030285,0.34246575,0.25252525,0.14520548,0.10707071,32.12071604873195,8.661977367690115,2.110139627288086,0.42828283,0.23993559,0.69565217,0.46779388,0.55033557,0.81944444,0.75043029,0.5,0.63398693,0.11674718,0.15056361,0.26731079,18.3516129
2024,Victor Robles,SEA,177,18363,645302,Victor Robles,40,157,46,32,12,0,2,29,16,9,0,31,8,2,1,1,19,1,0.29299363,0.050847457,0.175141242,0.29032258,0.357954545,0.407643312,0.765597857,0.114649682,0.349206349,24.54144305620683,3.8363243776966436,0.3371081321754239,127.78144548037021,1,0.23076923,0.384615384,0.384615384,0.2,0.044444444,0.044444444,0.416666666,0.44186047,0.31782946,0.24031008,0.17829457,0.58914729,0.23255814,129,86.41453014275966,109.8,17.076923076923077,4,0.03100775,36,0.27906977,0.2506994973596743,0.37054800699319645,0.3119332117692631,265,67.90561209624668,0.02641509,6.797623789085532,0.34328358,0.26037736,0.05970149,0.04528302,34.128832712713276,13.944949058835165,-6.396463877749893,0.50943396,0.33038348,0.78651685,0.53135314,0.54464286,0.89047619,0.77018634,0.44059406,0.69491525,0.12211221,0.1039604,0.22607261,18.72196262
2024,Ronald Acuña Jr.,ATL,222,18401,660670,Ronald Acuna Jr.,49,192,48,35,8,1,4,38,15,27,0,53,3,0,0,4,16,3,0.25,0.121621621,0.238738738,0.509433962,0.351351351,0.364583333,0.715934684,0.114583333,0.325925925,28.054647450141744,2.0855155482815055,0.32185090957461177,105.55512789789567,1.868421052,0.215827338,0.510791366,0.273381294,0.078947368,0.105263157,0.084507042,0,0.46043165,0.33093525,0.20863309,0.11510791,0.51079137,0.37410072,139,92.17753606602766,114.2,8.579710144927537,13,0.09352518,67,0.48201439,0.2562787917793694,0.43007371443231146,0.34977894569894646,323,76.82582552883278,0.73065015,7.611816434299245,0.2962963,0.22291022,0.16872428,0.12693498,34.91874564911928,10.65638487276278,4.5833290509948785,0.58823529,0.21412301,0.71030043,0.46961326,0.58510638,0.80060423,0.75294118,0.51491713,0.64414414,0.1160221,0.12707182,0.24309392,18.62444772
2024,Luis Arraez,2 Tms,668,18568,650333,Luis Arraez,146,633,198,160,31,3,4,82,45,24,3,29,8,1,2,18,9,3,0.312796208,0.035928143,0.043413173,0.827586206,0.345345345,0.390205371,0.735550716,0.077409163,0.322795341,84.23526735388431,6.093915505043601,0.32151281087466854,108.35429110063943,1.300518134,0.264900662,0.415562913,0.319536423,0.056994818,0.020725388,0.035856573,0.333333333,0.32784185,0.37397035,0.29818781,0.15321252,0.61943987,0.22734761,607,86.26788084396463,108.4,13.602649006622517,10,0.01647446,144,0.23723229,0.30980330707904796,0.40775736836083143,0.33038741984505765,955,63.139098334187615,0.00209424,5.956821011747989,0.45939933,0.43246073,0.04671858,0.04397906,38.29365087179613,7.574036569713922,-4.250842849652805,0.4460733,0.35170604,0.62738854,0.49604002,0.89552239,0.96446701,0.94117647,0.52355148,0.61227545,0.02917882,0.19799917,0.22717799,17.82986111
2024,Andy Ibáñez,DET,71,18819,628451,Andy Ibanez,22,60,17,9,4,1,3,14,11,9,0,13,1,1,0,0,1,2,0.283333333,0.126760563,0.183098591,0.692307692,0.38028169,0.533333333,0.913615023,0.25,0.311111111,12.80588290604851,4.500439820318433,0.3889336728713882,157.32016845526755,0.541666666,0.229166666,0.270833333,0.5,0.333333333,0.125,0,0,0.4375,0.29166667,0.27083333,0.20833333,0.47916667,0.3125,48,91.49791677792867,108.6,25.875,5,0.10416667,21,0.4375,0.2334724217187613,0.4187757144371668,0.34057259495684905,114,70.93099748042592,0.07017544,7.389581471158747,0.40506329,0.28070175,0.13924051,0.09649123,28.07881430575722,8.142770915439254,-5.9271767877957275,0.50877193,0.26896552,0.78151261,0.5,0.46153846,0.8172043,0.71212121,0.45075758,0.56338028,0.14393939,0.10984848,0.25378788,16.57068063
2024,Nicky Lopez,CHW,187,19339,670032,Nicky Lopez,43,166,42,37,2,2,1,21,6,17,0,24,2,0,2,1,2,1,0.253012048,0.09090909,0.128342245,0.708333333,0.329729729,0.307228915,0.636958644,0.054216867,0.290780141,18.729748884738385,-3.1451505100718173,0.2892822806899612,87.21678701464806,2.454545454,0.185714285,0.578571428,0.235714285,0.09090909,0.03030303,0.049382716,0,0.30555556,0.40277778,0.29166667,0.15277778,0.63888889,0.20833333,144,84.75571414402553,105.1,5.192857142857143,4,0.02777778,25,0.17361111,0.23517685236426136,0.3111088929195742,0.28758359105779313,264,64.0936424370968,0,6.681336982683702,0.40271493,0.33712121,0.03167421,0.02651515,27.156253803860057,8.422086161081538,-8.81952309958411,0.625,0.23619632,0.66570605,0.4576523,0.7012987,0.87445887,0.83116883,0.51560178,0.61497326,0.07726597,0.17384844,0.25111441,17.86929461
2024,TJ Friedl,CIN,97,19522,670770,TJ Friedl,22,85,18,12,2,0,4,14,15,7,0,16,5,0,0,0,4,0,0.211764705,0.072164948,0.164948453,0.4375,0.30927835,0.376470588,0.685748938,0.164705883,0.215384615,11.04534968647017,-0.3015232616399348,0.30631691033078223,90.77321938766097,0.6,0.151515151,0.318181818,0.53030303,0.057142857,0.114285714,0,0.666666666,0.42028986,0.36231884,0.2173913,0.20289855,0.50724638,0.28985507,69,85.91666626207757,104,17.924242424242426,3,0.04347826,22,0.31884058,0.21453102926778442,0.3306082715882975,0.2937259454803407,124,70.60512112032983,0.11290323,6.944069685474519,0.38947368,0.2983871,0.10526316,0.08064516,27.715933845889182,9.090731875249936,12.154882113779745,0.62903226,0.24698795,0.5923913,0.42857143,0.65853659,0.87155963,0.81333333,0.52571429,0.58762887,0.08,0.19714286,0.27714286,17.79681275
2024,Josh Rojas,SEA,95,19734,668942,Josh Rojas,22,84,23,17,1,2,3,7,6,9,0,21,0,0,0,1,3,1,0.273809523,0.094736842,0.221052631,0.428571428,0.344086021,0.44047619,0.784562211,0.166666667,0.333333333,13.519983311240564,2.407066506390461,0.3416597202260007,130.98312546615432,1.130434782,0.222222222,0.412698412,0.365079365,0,0.130434782,0.038461538,0,0.36507937,0.42857143,0.20634921,0.0952381,0.55555556,0.34920635,65,90.15079419575041,108.4,11.666666666666666,3,0.04615385,24,0.36923077,0.246877718217937,0.4325541338794643,0.3279409137484367,143,67.06970510949621,0.01398601,7.462886283447692,0.40178571,0.31468531,0.10714286,0.08391608,34.80800770045994,13.297580316532533,0.21718073620662823,0.51748252,0.2295082,0.63589744,0.43915344,0.52380952,0.88709677,0.79518072,0.51587302,0.67368421,0.08994709,0.18518519,0.27513228,17.37234043
2024,Shohei Ohtani,LAD,419,19755,660271,Shohei Ohtani,90,362,111,51,20,5,35,81,84,49,9,98,4,3,0,1,44,3,0.306629834,0.116945107,0.233890214,0.5,0.392344497,0.679558011,1.071902508,0.372928177,0.327586206,92.98224890316715,43.9684368901967,0.44055768781885835,186.41462982129735,0.743801652,0.209737827,0.337078651,0.45318352,0.066115702,0.289256198,0.044444444,0,0.41947566,0.3670412,0.21348315,0.1011236,0.41947566,0.47940075,268,96.27677896049585,118.7,18.576779026217228,62,0.23134328,159,0.59328358,0.295760721114248,0.6820251177822739,0.4392058244100282,683,76.82366925486708,0.68960469,7.812377154739849,0.38095238,0.26939971,0.2505176,0.17715959,35.54449555884343,12.218151826187858,2.179724869558296,0.53001464,0.24758454,0.70550576,0.46985705,0.51707317,0.79310345,0.71825397,0.48539466,0.60381862,0.13238036,0.14108142,0.27346178,17.92301255
2024,Abraham Toro,OAK,230,19844,647351,Abraham Toro,51,217,52,39,9,0,4,22,16,9,1,43,3,0,1,2,3,2,0.239631336,0.039130434,0.186956521,0.209302325,0.279475982,0.336405529,0.615881511,0.096774193,0.282352941,19.45800002517467,-7.446956449725574,0.26995087349623964,77.64984548406821,1.045454545,0.224137931,0.396551724,0.379310344,0.09090909,0.06060606,0.04347826,0,0.37714286,0.35428571,0.26857143,0.18285714,0.57142857,0.24571429,175,87.14195372044355,109.9,13.051724137931034,7,0.04,49,0.28,0.24922435766854217,0.38297574245370924,0.2952678817397866,343,69.73079061925237,0.11953353,7.625858493171003,0.35815603,0.29446064,0.10283688,0.0845481,31.71717944020085,9.803902949431896,3.8559189195101187,0.60058309,0.3117506,0.64908257,0.48417351,0.63846154,0.93286219,0.8401937,0.51113716,0.57391304,0.07737397,0.18288394,0.26025791,18.19422151
2024,Corey Julks,CHW,73,20311,667452,Corey Julks,18,71,14,10,2,0,2,5,5,2,0,18,0,0,0,2,1,0,0.197183098,0.02739726,0.246575342,0.111111111,0.219178082,0.309859154,0.529037236,0.112676056,0.235294117,3.8393458921412527,-4.700053336848825,0.23018469875806,45.64634101270257,0.846153846,0.094339622,0.415094339,0.490566037,0.192307692,0.076923076,0.045454545,0,0.30188679,0.35849057,0.33962264,0.26415094,0.47169811,0.26415094,53,84.46415127448316,108.5,18.71698113207547,2,0.03773585,15,0.28301887,0.1753241240397804,0.263870109113681,0.20517172118049268,123,70.32203094358367,0.07317073,6.931733992041611,0.26041667,0.20325203,0.09375,0.07317073,34.35067787790686,9.357500725160769,-4.203646934432228,0.56910569,0.34615385,0.63870968,0.50526316,0.73333333,0.85858586,0.81944444,0.54385965,0.63013699,0.09122807,0.18245614,0.27368421,18.01415094
2024,Jazz Chisholm Jr.,MIA,265,20454,665862,Jazz Chisholm Jr.,60,238,58,40,6,3,9,31,29,22,4,64,4,1,0,3,16,7,0.243697478,0.083018867,0.241509433,0.34375,0.316981132,0.407563025,0.724544157,0.163865547,0.295180722,31.27680405171519,0.2776150697649069,0.31148065187008445,97.7214503136661,1.45,0.140350877,0.508771929,0.350877192,0.083333333,0.15,0.103448275,0.25,0.41142857,0.41714286,0.17142857,0.17142857,0.52571429,0.30285714,175,88.15088730309841,110,9.7396449704142,17,0.09714286,62,0.35428571,0.23084667892643188,0.42083670285094327,0.31414947036966595,430,72.14017875139103,0.25581395,7.444259288699128,0.30033003,0.21162791,0.11881188,0.08372093,35.052699854207596,13.976094626964525,0.9818453350709481,0.51395349,0.3084922,0.68410463,0.48230912,0.60674157,0.79117647,0.72779923,0.46275605,0.55849057,0.13128492,0.13500931,0.26629423,17.87826087
2024,Nico Hoerner,CHC,298,21479,663538,Nico Hoerner,65,273,73,51,18,1,3,32,23,16,1,30,7,2,0,3,11,0,0.267399267,0.053691275,0.10067114,0.533333333,0.322147651,0.373626373,0.695774024,0.106227106,0.289256198,33.68133623402042,-1.1781291117198953,0.305267080915496,96.61380451903563,1.506849315,0.253061224,0.448979591,0.297959183,0.08219178,0.04109589,0.063636363,0,0.31836735,0.3877551,0.29387755,0.16326531,0.64081633,0.19591837,245,86.44040799822126,110.1,10.82857142857143,3,0.0122449,71,0.28979592,0.2765414507679246,0.3554727600814072,0.3092523430519571,457,68.3738555741258,0.03063457,7.119175233778338,0.36097561,0.3238512,0.07560976,0.0678337,33.072467766392414,4.394067247013034,-0.1761634537799353,0.40919037,0.33207547,0.62741652,0.48498635,0.8125,0.93837535,0.89681051,0.5177434,0.65100671,0.0500455,0.19472247,0.24476797,17.52059925
2024,Jonathan India,CIN,464,21523,663697,Jonathan India,105,385,91,56,23,2,10,65,33,60,0,84,12,5,2,9,9,2,0.236363636,0.129310344,0.181034482,0.714285714,0.352813852,0.384415584,0.737229436,0.148051948,0.273648648,61.22264767601275,6.944822439692252,0.32877518526919475,105.88917784947628,1.087719298,0.222222222,0.405228758,0.372549019,0.122807017,0.087719298,0.056451612,0,0.43181818,0.3538961,0.21428571,0.18181818,0.52922078,0.28896104,308,86.66098366409052,110.8,13.97704918032787,24,0.07792208,112,0.36363636,0.26047957149239664,0.42656883499936765,0.35883748361137807,603,71.73494367457148,0.22222222,7.206612414586208,0.304,0.25207297,0.122,0.10116086,29.227468036695896,8.368151309330072,-1.0721164833056196,0.49585406,0.19120654,0.56983806,0.38148525,0.65775401,0.89165187,0.83333333,0.50254323,0.61206897,0.06358087,0.21515768,0.27873856,17.33512424
2024,Matt Vierling,DET,221,21558,663837,Matt Vierling,50,205,49,30,10,1,8,34,13,15,0,45,1,0,0,2,3,1,0.23902439,0.067873303,0.203619909,0.333333333,0.294117647,0.414634146,0.708751793,0.175609756,0.269736842,25.441804783298995,-0.41034904693124236,0.30787209202261534,100.29979707375709,1.166666666,0.177215189,0.443037974,0.379746835,0.1,0.133333333,0.085714285,0,0.4375,0.325,0.2375,0.19375,0.55625,0.25,160,88.62088628358478,111.2,11.240506329113924,21,0.13125,67,0.41875,0.25778437271918647,0.4516735418552033,0.33385895028272095,362,71.17850228831254,0.14640884,7.422673301802155,0.31864407,0.25966851,0.15932203,0.12983425,30.28457873960885,6.533686257312229,-0.033153368046929164,0.48895028,0.23127753,0.64644351,0.44420601,0.63809524,0.90614887,0.83816425,0.51287554,0.60180995,0.07188841,0.1888412,0.26072961,17.25884017
2024,Will Benson,CIN,74,21853,666181,Will Benson,20,68,12,6,2,0,4,7,8,5,0,35,1,0,0,0,2,1,0.176470588,0.067567567,0.472972972,0.142857142,0.243243243,0.382352941,0.625596184,0.205882353,0.275862068,6.410974833366257,-2.245402467253822,0.272479007372985,67.9979912391202,0.733333333,0.212121212,0.333333333,0.454545454,0,0.266666666,0,0,0.54545455,0.3030303,0.15151515,0.12121212,0.48484848,0.39393939,33,89.80303018743342,107.5,17.242424242424242,4,0.12121212,17,0.51515152,0.17593434631057522,0.357829190996092,0.2632889820237619,135,71.89946176034432,0.17037037,7.9626103047971375,0.2345679,0.14074074,0.13580247,0.08148148,33.6795315777814,17.03017866986769,7.568182363775041,0.47407407,0.26451613,0.7125,0.49206349,0.29268293,0.73684211,0.61935484,0.50793651,0.66216216,0.18730159,0.14603175,0.33333333,18.04132231
2024,Brice Turang,MIL,388,22186,668930,Brice Turang,87,348,92,67,17,3,5,48,41,32,1,69,1,2,5,4,30,5,0.264367816,0.082474226,0.177835051,0.463768115,0.326370757,0.373563218,0.699933975,0.109195402,0.315217391,44.58047565277825,-0.8070161396621695,0.3075948321694479,97.16235714483494,2.086956521,0.231046931,0.519855595,0.249097472,0.101449275,0.072463768,0.055555555,0.333333333,0.28321678,0.38461538,0.33216783,0.15734266,0.58041958,0.26223776,286,86.86834531550785,107.8,5.892086330935252,7,0.02447552,84,0.29370629,0.2662543095161279,0.3522620638999234,0.3061349803810409,621,66.25307099715523,0.03381643,6.100813592305698,0.32645403,0.28019324,0.06003752,0.05152979,30.600220471380606,1.67748760276747,-5.342928207486916,0.27697262,0.28706199,0.62589074,0.46717172,0.75586854,0.92979127,0.87972973,0.53156566,0.65721649,0.05618687,0.19381313,0.25,17.90428212
2024,Xavier Edwards,MIA,204,22266,669364,Xavier Edwards,45,180,54,41,7,5,1,25,18,21,1,37,0,2,1,0,24,2,0.3,0.102941176,0.181372549,0.567567567,0.369458128,0.411111111,0.780569239,0.111111111,0.368055555,28.786719062243296,4.9231924497230795,0.34016350324791256,117.02697538995317,2,0.207142857,0.528571428,0.264285714,0.027027027,0.027027027,0.108108108,0.333333333,0.28082192,0.40410959,0.31506849,0.1369863,0.62328767,0.23972603,146,85.29784184737171,102.7,6.107913669064748,2,0.01369863,35,0.23972603,0.23634215400296696,0.30891185463211035,0.28319781821624224,337,64.60119381007526,0.00296736,6.289683112758557,0.32746479,0.27596439,0.0528169,0.04451039,32.97979515030405,4.075289570546822,-2.6211952035832122,0.35905045,0.26817043,0.70886076,0.48740554,0.74766355,0.89285714,0.85271318,0.49748111,0.61764706,0.07178841,0.14735516,0.21914358,18.24114671
2024,Tyler Freeman,CLE,85,22532,671289,Tyler Freeman,20,73,18,11,7,0,0,13,8,8,0,8,3,1,0,1,3,1,0.246575342,0.094117647,0.094117647,1,0.34117647,0.342465753,0.683642223,0.095890411,0.272727272,9.77278175302898,-0.17035433552111162,0.30768897252924304,101.63470582201819,2.111111111,0.151515151,0.575757575,0.272727272,0.055555555,0,0.052631578,0,0.62121212,0.28787879,0.09090909,0.12121212,0.56060606,0.31818182,66,88.41212162827,106.7,7.515151515151516,0,0,24,0.36363636,0.2489452050832955,0.31465753386664674,0.30588969638406793,124,71.98859990027643,0.20967742,7.103881051463466,0.38888889,0.33870968,0.15740741,0.13709677,34.35413800516436,4.10850207459542,-5.0131912113030275,0.41129032,0.27564103,0.62091503,0.44660194,0.76744186,0.93684211,0.88405797,0.49514563,0.6,0.05177994,0.18770227,0.2394822,17.625
2024,Lawrence Butler,OAK,277,22542,671732,Lawrence Butler,65,255,73,38,17,2,16,45,37,19,0,57,0,3,0,6,11,0,0.286274509,0.068592057,0.205776173,0.333333333,0.332129963,0.556862745,0.888992708,0.270588236,0.308108108,46.87276351288815,14.46983767137785,0.3750818363165597,151.6011116812308,1.462686567,0.179104477,0.487562189,0.333333333,0.044776119,0.23880597,0.061224489,0,0.32835821,0.41293532,0.25870647,0.11442786,0.50746269,0.37810945,201,90.68849988937377,113,9.49,22,0.10945274,95,0.47263682,0.26713653900898904,0.49115328858588186,0.3489093601887546,495,73.90095378991329,0.41616162,7.072773169507884,0.2992126,0.23030303,0.16535433,0.12727273,31.485339966205636,3.9219360390546347,-0.27965414297550617,0.38787879,0.27927928,0.7202925,0.49818512,0.6,0.84517766,0.77595628,0.49637024,0.55234657,0.11161525,0.13430127,0.24591652,17.82460414
2024,Jarred Kelenic,ATL,180,22558,672284,Jarred Kelenic,42,163,37,21,7,1,8,22,20,15,0,49,0,1,1,2,5,1,0.226993865,0.083333333,0.272222222,0.306122448,0.290502793,0.429447852,0.719950645,0.202453987,0.271028037,21.13598069090462,0.07992779750442733,0.31073075699406627,98.07050296755112,0.958333333,0.182608695,0.4,0.417391304,0.125,0.166666666,0.02173913,0,0.49137931,0.35344828,0.15517241,0.12931034,0.45689655,0.4137931,116,90.59478258879288,109.1,15.460869565217392,13,0.11206897,52,0.44827586,0.24202224336695954,0.4537928848873047,0.32865121237434153,286,72.62290862556938,0.22027972,7.403193682223767,0.36453202,0.25874126,0.16748768,0.11888112,33.91921891699304,15.565923174361249,2.300738670609214,0.56293706,0.27409639,0.69034091,0.48830409,0.35164835,0.82304527,0.69461078,0.51461988,0.66666667,0.14912281,0.16520468,0.31432749,18.13453815
2024,Maikel Garcia,KCR,467,22715,672580,Maikel Garcia,107,431,101,71,19,5,6,67,46,29,0,77,0,4,3,5,27,0,0.234338747,0.062098501,0.164882226,0.376623376,0.280172413,0.34338747,0.623559883,0.109048723,0.269886363,40.65098150340279,-13.97777794780771,0.2729912384830672,72.94321829566476,1.567567567,0.199438202,0.488764044,0.311797752,0.126126126,0.054054054,0.034482758,0.4,0.32686981,0.39612188,0.27700831,0.11634349,0.57894737,0.30470914,361,90.76207884242025,108.6,7.691011235955056,16,0.04432133,156,0.43213296,0.2591414231171706,0.3755137208544513,0.30358856304745385,624,70.73796934347887,0.11217949,7.185986533378943,0.41296296,0.35737179,0.17037037,0.1474359,28.557456633983513,5.173010493115259,3.9761845616576,0.49679487,0.22019465,0.6356674,0.43894009,0.70165746,0.89672978,0.8503937,0.5264977,0.6509636,0.0656682,0.20679724,0.27246544,17.80493631
2024,Wenceel Pérez,DET,119,22857,672761,Wenceel Perez,27,114,24,19,2,1,2,16,6,4,0,28,0,0,1,1,3,1,0.210526315,0.033613445,0.235294117,0.142857142,0.237288135,0.298245614,0.535533749,0.087719299,0.261904761,6.701232519278548,-7.219158004691579,0.23480549858788313,48.903263110240935,1,0.261904761,0.369047619,0.369047619,0.193548387,0.064516129,0.064516129,0.333333333,0.43678161,0.40229885,0.16091954,0.16091954,0.6091954,0.22988506,87,88.2333336784726,109.1,17.55952380952381,1,0.01149425,23,0.26436782,0.22495815281147594,0.31351406496373546,0.25131977239418457,200,69.713313331604,0.08,6.8608765077590945,0.32484076,0.255,0.08280255,0.065,28.001660318374633,7.356870214343071,6.637098425300792,0.47,0.31555556,0.62,0.47578947,0.66197183,0.87741935,0.80973451,0.52631579,0.68067227,0.09052632,0.20421053,0.29473684,18.3697479
2024,Davis Schneider,TOR,128,23565,676914,Davis Schneider,29,113,22,10,8,0,4,14,16,11,0,35,1,3,0,1,2,0,0.194690265,0.0859375,0.2734375,0.314285714,0.265625,0.371681415,0.637306415,0.17699115,0.233766233,11.471109874884876,-3.5020832937552613,0.27618555165827274,78.88218081360333,0.434782608,0.185185185,0.24691358,0.567901234,0.130434782,0.086956521,0,0,0.43209877,0.2962963,0.27160494,0.19753086,0.43209877,0.37037037,81,88.57777800383391,107.6,23.22222222222222,8,0.09876543,26,0.32098765,0.18350239701664708,0.33625224682016,0.27060054904330405,192,69.89855057001114,0.06770833,6.8956107298533125,0.33333333,0.25,0.08333333,0.0625,31.790120164553326,17.84922250258387,-2.2156147309190906,0.51041667,0.26235741,0.64092664,0.45019157,0.5942029,0.81927711,0.75319149,0.49616858,0.640625,0.11111111,0.19157088,0.30268199,18.46782178
2024,Parker Meadows,DET,158,23800,678009,Parker Meadows,36,140,36,22,6,4,4,21,12,17,0,34,0,0,1,0,4,1,0.257142857,0.107594936,0.215189873,0.5,0.337579617,0.442857142,0.780436759,0.185714285,0.31372549,22.127071180460508,3.6445358629203373,0.33883828759952717,122.08205142384271,0.692307692,0.16981132,0.339622641,0.490566037,0.192307692,0.076923076,0.083333333,0,0.38317757,0.38317757,0.23364486,0.21495327,0.5046729,0.28037383,107,87.17450987123975,109.6,18.647058823529413,6,0.05607477,32,0.29906542,0.21949362920028814,0.3720338719722349,0.2966579657128167,222,69.81012390755318,0.06756757,7.129707418046556,0.34117647,0.26126126,0.11176471,0.08558559,30.98161303889644,8.080181520130184,2.8911331679906933,0.46846847,0.25320513,0.6483871,0.45016077,0.4556962,0.87562189,0.75714286,0.49839228,0.53164557,0.10932476,0.17041801,0.27974277,18.16528926
2024,Ezequiel Tovar,COL,198,24064,678662,Ezequiel Tovar,43,183,46,29,14,1,2,22,14,8,0,59,2,4,1,3,2,2,0.25136612,0.04040404,0.297979797,0.13559322,0.284263959,0.371584699,0.655848658,0.120218579,0.349206349,18.849282487656122,-4.312375695084089,0.28311886611928794,66.55110680650034,0.796296296,0.2421875,0.3359375,0.421875,0.148148148,0.037037037,0.139534883,0,0.39534884,0.31782946,0.28682171,0.14728682,0.57364341,0.27906977,129,87.11653560728539,108.2,19.171875,6,0.04651163,43,0.33333333,0.22200597303338696,0.319359222095035,0.26564238965630116,363,71.33521849787267,0.19283747,7.611312983121425,0.25306122,0.1707989,0.10612245,0.07162534,36.099623987497374,11.10198341071934,-2.9913927013716424,0.45454545,0.41099476,0.83188406,0.61072902,0.44585987,0.79094077,0.66891892,0.47455296,0.65151515,0.20220083,0.09078404,0.29298487,17.64083176
2024,Steven Kwan,CLE,539,24610,680757,Steven Kwan,121,479,140,107,16,3,14,83,44,53,0,51,5,0,2,5,12,5,0.292275574,0.098330241,0.094619666,1.039215686,0.368715083,0.425887265,0.794602348,0.133611691,0.304347826,80.36939487331988,17.318214264749304,0.3500993517080055,131.4670326269342,0.91566265,0.242857142,0.361904761,0.395238095,0.054216867,0.084337349,0.046052631,0.6,0.31627907,0.36046512,0.32325581,0.14186047,0.60697674,0.25116279,430,86.252857031141,105.6,15.033333333333333,11,0.0255814,102,0.2372093,0.2838372401234505,0.3926024358704519,0.3373692077797017,671,64.43389280862141,0.00447094,6.451965304316422,0.41706924,0.38599106,0.06280193,0.05812221,35.83166108792301,3.6328225762384836,2.8900564662701327,0.36661699,0.19271333,0.57502246,0.39007421,0.81094527,0.965625,0.92865636,0.51623377,0.58812616,0.02782931,0.23051948,0.25834879,17.59378882
2024,Jarren Duran,BOS,705,24617,680776,Jarren Duran,153,646,185,105,46,14,20,103,69,49,1,151,6,3,1,6,33,7,0.286377708,0.069503546,0.214184397,0.324503311,0.34090909,0.493808049,0.834717139,0.207430341,0.345188284,109.00753604509747,26.537995545946732,0.35694809090531565,130.7974731370435,1.316091954,0.184210526,0.463562753,0.35222672,0.086206896,0.114942528,0.082969432,0.2,0.32865731,0.3747495,0.29659319,0.15831663,0.50300601,0.33867735,499,90.74928994014346,113.9,9.732793522267206,45,0.09018036,219,0.43887776,0.26824789272346933,0.4574572588028314,0.3392761271192223,1098,73.61228286937721,0.36429872,7.558661830881254,0.30188679,0.23315118,0.17688679,0.13661202,29.37358979883524,3.9555779921810377,-3.1243586802179966,0.36794171,0.27889635,0.68736304,0.48523985,0.56417112,0.86928799,0.78250951,0.50516605,0.58156028,0.10553506,0.15904059,0.26457565,18.286
2024,Brendan Donovan,STL,239,24679,680977,Brendan Donovan,52,211,50,31,12,1,6,25,26,17,0,33,8,3,0,0,0,2,0.236966824,0.071129707,0.138075313,0.515151515,0.313807531,0.388625592,0.702433123,0.151658768,0.251428571,27.650241770942234,-0.3075173486280239,0.30858041302429584,99.1929539833013,1.212121212,0.188888888,0.444444444,0.366666666,0.09090909,0.09090909,0.0625,1,0.41436464,0.30939227,0.27624309,0.17679558,0.53038674,0.29281768,181,89.08944441477458,107.9,11.472222222222221,11,0.06077348,74,0.40883978,0.25637394997845203,0.4047379696998807,0.32602981399066716,273,69.36769804063734,0.08424908,6.896104898208227,0.43162393,0.36996337,0.15811966,0.13553114,30.089106765858855,7.56888440088966,-1.2150524756274161,0.47619048,0.22765957,0.58605664,0.40473628,0.71962617,0.92565056,0.86702128,0.49407966,0.58158996,0.05382131,0.2088267,0.26264801,17.73938507
2024,CJ Abrams,WSN,517,25768,682928,CJ Abrams,116,462,119,71,24,5,19,69,62,37,3,107,13,4,1,3,29,11,0.257575757,0.071566731,0.206963249,0.345794392,0.327519379,0.454545454,0.782064833,0.196969697,0.294117647,71.2425788638756,10.764915831165043,0.33604923860836217,115.59337526357392,1.006896551,0.189415041,0.406685236,0.403899721,0.103448275,0.131034482,0.05479452,0,0.47222222,0.32222222,0.20555556,0.16666667,0.49444444,0.33888889,360,88.69019597317993,110,15.114525139664805,27,0.075,152,0.42222222,0.25120106004735293,0.4271638733532239,0.33009641210880286,857,72.19573245944332,0.23570595,7.500326428697156,0.32934132,0.25670945,0.14371257,0.11201867,28.959429266850616,12.462491796663045,3.0203420155645806,0.61376896,0.3551797,0.69120654,0.52598753,0.65178571,0.83579882,0.77470356,0.50831601,0.63056093,0.11850312,0.14189189,0.26039501,18.42877595
2024,Corbin Carroll,ARI,402,25878,682998,Corbin Carroll,85,344,82,45,13,10,14,76,47,43,0,69,6,7,2,3,22,7,0.238372093,0.106965174,0.171641791,0.623188405,0.3275,0.456395348,0.783895348,0.218023255,0.253731343,55.48657895658813,8.461394161327705,0.33633047580718994,114.79718799084574,1.165137614,0.160142348,0.451957295,0.387900355,0.211009174,0.128440366,0.062992125,0.333333333,0.41197183,0.33450704,0.25352113,0.20070423,0.45070423,0.34859155,284,90.09963759823123,111.5,11.819494584837544,19,0.06690141,121,0.42605634,0.25155950040272684,0.41128403535071406,0.3365622810395387,558,73.74183981563883,0.36738351,7.021522966337033,0.36241611,0.29032258,0.18568233,0.14874552,22.77710458027419,6.661348346927901,0.32115115653923765,0.55913978,0.24460432,0.59589041,0.40856777,0.67647059,0.89425287,0.82472613,0.46675192,0.53233831,0.07161125,0.18734015,0.25895141,17.93526405
2024,Michael Harris II,ATL,215,25931,671739,Michael Harris II,48,197,54,36,7,2,9,29,23,13,1,32,2,3,0,3,2,3,0.274111675,0.060465116,0.148837209,0.40625,0.320930232,0.467005076,0.787935308,0.192893401,0.283018867,29.58206421553232,4.431778815082087,0.3357896125205209,114.93683042490369,1.418181818,0.208333333,0.464285714,0.327380952,0.072727272,0.163636363,0.115384615,0,0.41071429,0.35119048,0.23809524,0.1547619,0.45833333,0.38690476,168,91.02202396165757,114.7,7.1726190476190474,21,0.125,83,0.49404762,0.29941417253812597,0.5117918351383851,0.3764352285440263,366,75.27947437307222,0.54098361,8.003709141673937,0.31010453,0.2431694,0.2195122,0.17213115,30.068802604258387,6.532935584208271,0.6339149595813347,0.46721311,0.32375979,0.66586538,0.50187735,0.67741935,0.84476534,0.79301746,0.52065081,0.6,0.10387985,0.16020025,0.2640801,17.64310345
2024,Riley Greene,DET,139,25976,682985,Riley Greene,32,117,29,18,5,1,5,23,13,20,1,42,1,1,0,1,0,0,0.247863247,0.143884892,0.302158273,0.476190476,0.35971223,0.435897435,0.795609665,0.188034188,0.338028169,20.305270849814942,4.045318893244793,0.3463381356087284,127.35759767290168,1.142857142,0.210526315,0.421052631,0.368421052,0.035714285,0.178571428,0.09375,0,0.35526316,0.43421053,0.21052632,0.07894737,0.60526316,0.31578947,76,92.45921099813361,109.8,11.723684210526315,12,0.15789474,36,0.47368421,0.25156421194095974,0.5051974200684092,0.3727955902748577,195,74.69019783215646,0.46153846,7.324633605663593,0.3358209,0.23076923,0.21641791,0.14871795,44.5636600787823,13.111701355530666,0.8723413603428083,0.42564103,0.20469799,0.60299625,0.39292035,0.47540984,0.76397516,0.68468468,0.47256637,0.57553957,0.12389381,0.2,0.32389381,17.04608295
2024,Tyler Fitzgerald,SFG,98,26208,666149,Tyler Fitzgerald,23,92,28,15,9,0,4,15,9,5,0,25,0,1,0,1,10,1,0.304347826,0.051020408,0.25510204,0.2,0.336734693,0.532608695,0.869343388,0.228260869,0.375,16.101639222461962,4.637788202721856,0.3689772851613103,140.0849574048231,0.677419354,0.212121212,0.318181818,0.469696969,0.032258064,0.129032258,0.142857142,0.5,0.5,0.33823529,0.16176471,0.05882353,0.67647059,0.26470588,68,88.81538438063401,106.1,20.03076923076923,4,0.05882353,24,0.35294118,0.2451871379808226,0.420289348062527,0.3010461075596281,158,70.40415133705622,0.05696203,7.386928935594197,0.30252101,0.2278481,0.13445378,0.10126582,37.09711130359505,17.489485935319827,-3.3451388016154495,0.48734177,0.30729167,0.66129032,0.48148148,0.54237288,0.85365854,0.75274725,0.49206349,0.68367347,0.11904762,0.17724868,0.2962963,17.725
2024,Gunnar Henderson,BAL,544,26289,683002,Gunnar Henderson,119,477,140,77,26,6,31,93,73,56,1,121,7,4,0,1,19,4,0.293501048,0.102941176,0.22242647,0.462809917,0.373161764,0.568134171,0.941295935,0.274633123,0.33130699,102.42197931972521,38.78590835300463,0.39876289163505174,165.96292847405707,1.46491228,0.219444444,0.463888888,0.316666666,0.070175438,0.271929824,0.071856287,0,0.39444444,0.37777778,0.22777778,0.11944444,0.44444444,0.43611111,360,93.36573806380163,113.1,9.28888888888889,45,0.125,198,0.55,0.2837167814904198,0.5203459769949129,0.38312698474116,829,76.22253406004681,0.63088058,7.252163188736459,0.33800623,0.26176116,0.2305296,0.17852835,30.565812457168633,8.866572016268178,-2.9003651433403013,0.4800965,0.22956522,0.67115385,0.43926941,0.56818182,0.84527221,0.76923077,0.47488584,0.53676471,0.10136986,0.1630137,0.26438356,17.86131387
2024,Masyn Winn,STL,470,27479,691026,Masyn Winn,102,440,109,70,23,3,13,70,40,26,0,84,1,2,1,1,4,2,0.247727272,0.055319148,0.178723404,0.309523809,0.289978678,0.402272727,0.692251405,0.154545455,0.278260869,51.06803397396926,-3.91165969213124,0.2998385288313762,93.30906669896855,1.04964539,0.185915492,0.416901408,0.397183098,0.092198581,0.092198581,0.081081081,0.75,0.36211699,0.3816156,0.25626741,0.18662953,0.53481894,0.27855153,359,87.50084760633565,111.1,12.94632768361582,17,0.04735376,126,0.35097493,0.24542282208384508,0.36913703106967455,0.29074464045411147,769,70.55718384483546,0.13394018,7.345954759223253,0.3184,0.25877763,0.1248,0.10143043,28.325065754169916,5.288725688278443,-2.727094820876193,0.40962289,0.30592105,0.62370062,0.46905016,0.6702509,0.89,0.82025028,0.51334045,0.63404255,0.08431163,0.19156884,0.27588047,17.55306859
2024,Edouard Julien,MIN,148,27534,666397,Edouard Julien,38,134,19,12,3,0,4,16,6,13,0,52,1,0,0,1,4,0,0.141791044,0.087837837,0.351351351,0.25,0.222972972,0.253731343,0.476704315,0.111940299,0.192307692,6.298000183895578,-11.01475441734458,0.21771082926440882,36.361317546737055,1,0.219512195,0.390243902,0.390243902,0,0.125,0.0625,0,0.3902439,0.30487805,0.30487805,0.1097561,0.57317073,0.31707317,82,87.85853665049483,110.2,13.75609756097561,10,0.12195122,32,0.3902439,0.17842573577315726,0.34801309126943575,0.2685905469902414,192,72.0815698504448,0.16145833,7.059612030784289,0.30434783,0.21875,0.14492754,0.10416667,45.11956099669138,16.693351451307535,-9.910038641935293,0.42708333,0.15862069,0.62379421,0.39933444,0.36956522,0.81443299,0.72916667,0.51747088,0.54054054,0.10815308,0.20133111,0.30948419,17.51441242
2024,Anthony Volpe,NYY,354,27647,683011,Anthony Volpe,77,327,79,56,12,7,4,49,24,21,0,78,3,1,2,5,12,3,0.241590214,0.059322033,0.220338983,0.269230769,0.292613636,0.357798165,0.650411801,0.116207951,0.304878048,34.29227967632837,-7.117957680692013,0.2851968041875146,85.75581688316781,2.015625,0.218623481,0.522267206,0.259109311,0.09375,0.0625,0.085271317,0.4,0.28174603,0.42063492,0.29761905,0.18253968,0.56349206,0.25396825,252,87.52408182572346,108.2,5.710204081632653,11,0.04365079,91,0.36111111,0.24067689010300317,0.3413831606063132,0.2859224390165348,579,68.9340530817167,0.02590674,7.081238613227488,0.33698031,0.26597582,0.10503282,0.08290155,33.38071680151325,9.942120100035362,8.654304755951353,0.58721934,0.3081571,0.67097701,0.49410898,0.60784314,0.84796574,0.77496274,0.51251841,0.63559322,0.11119293,0.17893962,0.29013255,18.77177177
2024,Michael Massey,KCR,70,27684,686681,Michael Massey,18,64,15,11,1,0,3,9,8,5,0,10,0,1,0,0,0,0,0.234375,0.071428571,0.142857142,0.5,0.285714285,0.390625,0.676339285,0.15625,0.23076923,7.250977259315638,-0.9374877547844365,0.293539297580719,87.39714269054126,0.73076923,0.181818181,0.345454545,0.472727272,0.076923076,0.115384615,0,0,0.54545455,0.29090909,0.16363636,0.09090909,0.56363636,0.34545455,55,90.66727274114436,107.6,18.8,4,0.07272727,21,0.38181818,0.25291871993249515,0.4333022842911305,0.33581755356530524,113,71.52153946868086,0.13274336,7.300128232061335,0.40206186,0.34513274,0.13402062,0.11504425,33.17249699820459,14.43472352373389,8.15576255980846,0.5840708,0.31468531,0.6504065,0.46992481,0.75555556,0.925,0.864,0.46240602,0.58571429,0.06390977,0.16541353,0.22932331,18.18367347
2024,Jackson Chourio,MIL,153,28806,694192,Jackson Chourio,34,141,39,23,12,0,4,21,14,11,2,35,0,1,0,1,8,4,0.276595744,0.071895424,0.228758169,0.314285714,0.326797385,0.44680851,0.773605895,0.170212766,0.339805825,20.259624663484235,2.361979704094075,0.32935974140040924,111.8116329579864,1.184210526,0.216981132,0.424528301,0.358490566,0.026315789,0.105263157,0.133333333,0,0.30841121,0.44859813,0.24299065,0.14953271,0.47663551,0.37383178,107,89.65142844063895,111.2,9.257142857142858,9,0.08411215,45,0.42056075,0.25541928550810555,0.41938170258072205,0.3120701195672154,236,73.4666352676133,0.36440678,7.397075788449433,0.32777778,0.25,0.17222222,0.13135593,27.804257764654643,7.667474827965942,3.6266565985851367,0.59322034,0.296,0.68493151,0.50553506,0.47297297,0.865,0.75912409,0.53874539,0.65359477,0.12177122,0.16789668,0.2896679,17.72890026
2024,Colton Cowser,BAL,113,29591,681297,Colton Cowser,25,102,28,17,5,0,6,19,16,9,0,36,1,1,0,1,0,2,0.274509803,0.079646017,0.31858407,0.25,0.336283185,0.5,0.836283185,0.225490197,0.360655737,17.589811422080583,4.371289327890462,0.35824201645049375,137.45971736548287,1,0.164179104,0.417910447,0.417910447,0.035714285,0.214285714,0.071428571,0,0.44776119,0.35820896,0.19402985,0.08955224,0.50746269,0.40298507,67,90.61641778518904,111.6,14.73134328358209,10,0.14925373,31,0.46268657,0.22602894811722102,0.4551381235291688,0.32838078842094515,187,73.55764921463746,0.39037433,6.869452596348237,0.31386861,0.22994652,0.17518248,0.12834225,38.187021683881625,13.170397235907336,1.4290234656695695,0.46524064,0.27884615,0.62770563,0.46241458,0.48275862,0.86206897,0.75369458,0.5261959,0.62831858,0.11389522,0.2095672,0.32346241,18.22291022
2024,Sal Frelick,MIL,81,29622,686217,Sal Frelick,20,73,12,8,3,1,0,4,0,8,0,18,0,0,0,1,2,0,0.164383561,0.098765432,0.222222222,0.444444444,0.24691358,0.232876712,0.479790292,0.068493151,0.218181818,3.676586237575397,-5.7986375644546895,0.22123429510328504,39.03579601705247,2,0.111111111,0.592592592,0.296296296,0.125,0,0.0625,1,0.32727273,0.38181818,0.29090909,0.18181818,0.67272727,0.14545455,55,88.01111101221156,102.9,5,1,0.01818182,14,0.25454545,0.17062681889135953,0.23710588626053236,0.2316238991111333,80,68.71515107154846,0.0625,7.0216457426548,0.44285714,0.3875,0.07142857,0.0625,29.895887708663942,8.177568376995623,-2.323681639134884,0.4625,0.24427481,0.58108108,0.42293907,0.65625,0.93023256,0.8559322,0.53046595,0.64197531,0.0609319,0.22580645,0.28673835,17.80808081
2024,Nolan Schanuel,LAA,316,33189,694384,Nolan Schanuel,70,274,69,52,10,0,7,33,24,30,0,47,5,3,3,7,2,1,0.251824817,0.094936708,0.148734177,0.638297872,0.333333333,0.364963503,0.698296836,0.113138686,0.278026905,37.16047939632391,0.19540876124356854,0.3109473645305022,101.51728177602706,1.5,0.254385964,0.447368421,0.298245614,0.029411764,0.102941176,0.039215686,0.2,0.43347639,0.33905579,0.22746781,0.13733906,0.63948498,0.22317597,234,86.46607944303672,104.4,10.185022026431717,8,0.03418803,61,0.26068376,0.2610115749610506,0.3814752271084197,0.32449172549863076,424,65.33728855960774,0.02358491,6.6345246321750135,0.3715847,0.32075472,0.05191257,0.04481132,39.44770129671637,9.138249876311505,-1.1554213820622776,0.45990566,0.22719735,0.65181518,0.44003309,0.77372263,0.90379747,0.87030075,0.50124069,0.64873418,0.05707196,0.18362283,0.24069479,17.61538462
2024,Dylan Crews,WSN,75,33541,686611,Dylan Crews,17,69,10,6,2,0,2,7,3,6,0,17,0,0,0,3,5,2,0.144927536,0.08,0.226666666,0.352941176,0.213333333,0.260869565,0.474202898,0.115942029,0.16,2.9540002942923125,-5.819355077957768,0.21377550760904948,33.294772907633636,1.722222222,0.057692307,0.596153846,0.346153846,0.277777777,0.111111111,0.032258064,0,0.34615385,0.5,0.15384615,0.21153846,0.53846154,0.25,52,89.33137280333275,106.9,12.529411764705882,3,0.05769231,22,0.42307692,0.20001433020019355,0.33669189723920734,0.2725732555877216,124,72.51750287702006,0.18548387,7.42038001937251,0.38297872,0.29032258,0.17021277,0.12903226,27.13042212301685,9.98667978783769,-2.8545414572281222,0.4516129,0.27777778,0.71014493,0.4893617,0.55,0.84693878,0.76086957,0.4893617,0.58666667,0.11702128,0.15248227,0.26950355,18.27804878
2024,Jung Hoo Lee,SFG,135,33824,808982,Jung Hoo Lee,30,124,32,26,4,0,2,13,8,8,0,9,1,2,0,2,2,3,0.258064516,0.059259259,0.066666666,0.888888888,0.303703703,0.338709677,0.64241338,0.080645161,0.260869565,12.894985257253445,-2.897054412796699,0.28351646661758423,82.56396851488057,1.365853658,0.17094017,0.478632478,0.35042735,0.073170731,0.048780487,0.089285714,0,0.35897436,0.38461538,0.25641026,0.15384615,0.52991453,0.31623932,117,89.8724139312218,108.9,9.316239316239317,6,0.05128205,51,0.43589744,0.2804015877124725,0.42745321547533044,0.32797098186895696,154,70.45158549717495,0.12987013,7.439830854341581,0.4137931,0.38961039,0.14482759,0.13636364,37.674621160928304,6.4442552026216084,5.138574696158047,0.43506494,0.24651163,0.58088235,0.43326489,0.88679245,0.96835443,0.9478673,0.55852156,0.61481481,0.02258727,0.22587269,0.24845996,17.78632479
2025,Jose Altuve,HOU,148,5417,514888,Jose Altuve,35,136,40,32,4,0,4,18,15,10,1,29,1,1,0,4,4,2,0.294117647,0.067567567,0.195945945,0.344827586,0.344594594,0.411764705,0.756359299,0.117647058,0.346153846,19.384472943893442,1.8971322849903192,0.3288432294819631,111.64692587965388,1.54054054,0.121495327,0.53271028,0.345794392,0.162162162,0.108108108,0.140350877,1,0.55555556,0.26851852,0.17592593,0.19444444,0.5,0.30555556,108,85.91495328528859,107,15.02803738317757,5,0.0462963,40,0.37037037,0.21822612910695813,0.34097823657451526,0.2704342272873892,215,68.8558912055437,0.07906977,7.517277522419774,0.33333333,0.26511628,0.0994152,0.07906977,28.837261430607285,14.602168550047763,-3.318421829864383,0.55348837,0.37681159,0.62704918,0.49423077,0.69230769,0.90196078,0.81712062,0.46923077,0.68918919,0.09038462,0.175,0.26538462,19.76216216
2025,Paul Goldschmidt,NYY,190,9218,502671,Paul Goldschmidt,42,177,50,36,10,0,4,35,11,11,2,28,2,0,0,4,2,0,0.282485875,0.057894736,0.147368421,0.392857142,0.331578947,0.406779661,0.738358608,0.124293786,0.317241379,23.474781758803523,1.0248173994008667,0.3196984570711217,105.90033476176039,1.113207547,0.248322147,0.395973154,0.355704697,0.056603773,0.075471698,0.050847457,0,0.40268456,0.32885906,0.26845638,0.11409396,0.58389262,0.30201342,149,90.31972809875903,111.2,15.040816326530612,13,0.08724832,63,0.42281879,0.2951866364824985,0.4970641994396491,0.358513606560757,312,73.16400202726706,0.25961538,7.675366883094494,0.34482759,0.28846154,0.16858238,0.14102564,32.11150213999626,10.56144986846126,0.9853620052289886,0.51923077,0.27345845,0.62015504,0.45,0.69607843,0.89166667,0.83333333,0.50921053,0.62105263,0.075,0.19605263,0.27105263,18.70753065
2025,Jurickson Profar,ATL,337,10815,595777,Jurickson Profar,72,284,69,45,13,1,10,49,36,48,0,52,5,0,0,3,9,2,0.242957746,0.142433234,0.15430267,0.923076923,0.362017804,0.40140845,0.763426254,0.158450704,0.265765765,47.32535825291569,7.506210941764664,0.34048888096116064,118.36005384421077,0.745454545,0.168831168,0.354978354,0.476190476,0.154545454,0.09090909,0.097560975,0,0.41810345,0.32327586,0.25862069,0.20689655,0.4612069,0.33189655,232,89.05152843092206,109.1,20.304347826086957,16,0.06896552,92,0.39655172,0.23034925820567775,0.3794916652787636,0.32740535878425314,528,70.85107178399058,0.17424242,7.453363147648898,0.29908676,0.24810606,0.11415525,0.09469697,30.77696557478471,10.597808432793528,4.719070570938515,0.5530303,0.23415978,0.65367965,0.43904158,0.68823529,0.90728477,0.84751204,0.48837209,0.55192878,0.06694856,0.16067653,0.22762509,18.88337925
2025,Marcus Semien,TEX,86,12533,543760,Marcus Semien,21,78,11,9,1,0,1,5,6,7,0,15,0,1,0,2,0,1,0.141025641,0.081395348,0.174418604,0.466666666,0.209302325,0.192307692,0.401610017,0.051282051,0.158730158,1.3513339614400879,-8.810228853868484,0.18687711760055187,14.681861800982965,0.965517241,0.109375,0.4375,0.453125,0.068965517,0.034482758,0.071428571,0,0.53125,0.359375,0.109375,0.203125,0.546875,0.25,64,87.50476189265176,110,16.761904761904763,5,0.078125,20,0.3125,0.2109421313688909,0.3405969809217669,0.2778831457828774,143,68.57583866252766,0.06993007,7.701583835628483,0.34513274,0.27272727,0.07964602,0.06293706,35.132947454919346,16.863561559390355,-6.189812456811224,0.53146853,0.26347305,0.75438596,0.51183432,0.5,0.89147287,0.79190751,0.50591716,0.61627907,0.10650888,0.1183432,0.22485207,17.74703557
2025,George Springer,TOR,178,12856,543807,George Springer,39,154,54,31,9,0,14,40,27,18,2,35,5,0,0,4,6,1,0.35064935,0.101123595,0.196629213,0.514285714,0.435028248,0.681818181,1.116846429,0.331168831,0.38095238,43.35905034112495,22.326978467579302,0.4675466673714774,207.22287257800028,0.79245283,0.201680672,0.352941176,0.445378151,0.16981132,0.264150943,0.119047619,0,0.45378151,0.31932773,0.22689076,0.21008403,0.41176471,0.37815126,120,89.73109214846828,114,19.159663865546218,23,0.19166667,59,0.49166667,0.3094816224471146,0.6349669326982739,0.43231219724219827,299,74.47005531540682,0.47491639,7.498871884617119,0.27350427,0.21404682,0.19230769,0.15050167,35.44102327480763,13.839775596299898,-1.866564723560244,0.58528428,0.2012012,0.72922252,0.48016997,0.6119403,0.83088235,0.78761062,0.52832861,0.58426966,0.101983,0.13456091,0.23654391,19.06844106
2025,Francisco Lindor,NYM,613,12916,596019,Francisco Lindor,133,536,143,90,27,0,26,94,63,57,2,104,13,7,0,8,27,6,0.266791044,0.092985318,0.169657422,0.548076923,0.347471451,0.462686567,0.810158018,0.195895523,0.283292978,90.62449759609714,18.19382311023489,0.3496110692937323,128.38102183234773,0.959770114,0.216091954,0.383908045,0.4,0.126436781,0.149425287,0.047904191,1,0.43963554,0.34624146,0.21412301,0.17312073,0.48747153,0.33940774,439,90.87839081424406,112.9,15.314942528735632,40,0.09111617,198,0.45102506,0.2660283975916801,0.4661244087256317,0.3529401966149262,967,71.00534997681675,0.16546019,7.509698161664645,0.33971903,0.27507756,0.14942529,0.12099276,33.93269980903002,11.2689731537741,-1.1775616436749852,0.51499483,0.25907591,0.664297,0.46610169,0.67197452,0.87514863,0.81991342,0.51089588,0.59869494,0.08393866,0.16263115,0.24656981,18.48596112
2025,Brandon Nimmo,NYM,110,12927,607043,Brandon Nimmo,24,98,24,16,5,0,3,15,16,8,0,32,3,1,0,0,4,0,0.244897959,0.072727272,0.29090909,0.25,0.318181818,0.387755102,0.70593692,0.142857143,0.328125,12.796801920236582,-0.2005458667860091,0.31080958355556837,101.80075624216558,0.827586206,0.208955223,0.358208955,0.43283582,0.137931034,0.103448275,0.041666666,0,0.31343284,0.35820896,0.32835821,0.14925373,0.47761194,0.37313433,67,91.21940288259022,109.3,17.62686567164179,5,0.07462687,28,0.41791045,0.21007907868134884,0.350018914660667,0.2815554036145014,165,72.2470488577178,0.26666667,7.1123874519810535,0.35833333,0.26060606,0.175,0.12727273,29.247727873831085,6.961218905448914,-1.5225646687276435,0.51515152,0.26395939,0.59656652,0.44418605,0.63461538,0.82014388,0.76963351,0.54186047,0.59090909,0.10232558,0.20697674,0.30930233,18.9184953
2025,Ketel Marte,ARI,186,13613,606466,Ketel Marte,40,159,46,27,12,0,7,31,21,23,0,22,4,0,0,3,3,1,0.289308176,0.123655913,0.118279569,1.045454545,0.392473118,0.496855345,0.889328463,0.207547169,0.3,33.080085193383994,11.10275166260034,0.3865762859262446,149.41809963876779,0.866666666,0.182481751,0.379562043,0.437956204,0.15,0.116666666,0.019230769,0,0.42335766,0.32846715,0.24817518,0.18248175,0.40145985,0.41605839,137,91.28905080530765,119.6,16.065693430656935,18,0.13138686,70,0.51094891,0.30595233360358143,0.5489515035322416,0.4109427189424394,280,77.4155235018049,0.70357143,8.015820620741163,0.33043478,0.27142857,0.21304348,0.175,30.95421585355486,7.912568393615739,-5.216272550395557,0.55357143,0.25581395,0.69875776,0.46996997,0.68181818,0.88,0.82428115,0.48348348,0.59677419,0.08258258,0.13963964,0.22222222,18.61297071
2025,Byron Buxton,MIN,400,14161,621439,Byron Buxton,93,356,97,46,16,6,29,73,67,34,4,104,5,5,0,0,18,0,0.27247191,0.085,0.26,0.326923076,0.34,0.595505617,0.935505617,0.323033707,0.298245614,71.53733107847901,24.274248216578684,0.38779983722200295,150.92665435884166,0.747967479,0.163424124,0.357976653,0.478599221,0.073170731,0.235772357,0.086956521,0,0.51361868,0.29961089,0.18677043,0.11284047,0.45136187,0.43579767,257,92.86992198228836,113.7,17.9296875,48,0.18677043,136,0.52918288,0.2540999670030916,0.5349485881052728,0.3632369138494936,685,75.04769923077883,0.51532847,7.918474599044688,0.32586558,0.23357664,0.20977597,0.15036496,34.134706369107654,14.395467694788953,-6.159386128116481,0.57810219,0.29427793,0.73627845,0.5172181,0.44907407,0.80545455,0.70496084,0.50438893,0.68,0.15259959,0.13234301,0.28494261,18.93697868
2025,Mike Yastrzemski,2 Tms,336,14854,573262,Mike Yastrzemski,79,290,70,38,19,1,12,49,26,42,1,61,0,3,1,5,4,2,0.24137931,0.125,0.181547619,0.68852459,0.334328358,0.437931034,0.772259392,0.196551724,0.263636363,45.50992784096796,5.808938236971686,0.3344378002032548,114.91250261725538,0.617391304,0.191304347,0.308695652,0.5,0.113043478,0.104347826,0.028169014,0.666666666,0.44206009,0.31330472,0.24463519,0.12875536,0.53218884,0.33905579,233,91.71746727889281,109.3,20.73913043478261,21,0.09012876,104,0.44635193,0.23525129024915808,0.43051016063165165,0.3299877613030553,515,71.12749426388046,0.09902913,7.466383189599491,0.35135135,0.30291262,0.14189189,0.1223301,30.53338437867396,10.4606449963109,2.1628948772525036,0.65242718,0.2170767,0.60191518,0.41490858,0.70666667,0.88636364,0.84067797,0.5140647,0.55059524,0.06610408,0.18635724,0.25246132,18.55462963
2025,Mike Tauchman,CHW,293,15274,643565,Mike Tauchman,65,255,68,52,13,0,3,28,27,35,0,66,2,1,0,3,0,0,0.266666666,0.119453924,0.225255972,0.53030303,0.358361774,0.352941176,0.71130295,0.08627451,0.347593582,36.401448396698015,1.7812402003560206,0.3205428198742785,105.09655408767993,1.085714285,0.231578947,0.4,0.368421052,0.1,0.042857142,0.026315789,0,0.37368421,0.37894737,0.24736842,0.15789474,0.55263158,0.28947368,190,88.64285700157205,111.1,15.62962962962963,11,0.05789474,74,0.38947368,0.24305489677780007,0.3572884624815678,0.31220060946301825,489,69.16087728239032,0.0593047,7.172001848435353,0.32041344,0.25357873,0.11886305,0.09406953,34.26813555446383,8.494534269188566,-1.2199922927744793,0.4805726,0.24210526,0.65822785,0.4608985,0.63768116,0.85336538,0.79963899,0.52579035,0.65870307,0.09234609,0.16139767,0.25374376,18.16777042
2025,J.P. Crawford,SEA,354,15491,641487,J.P. Crawford,76,310,81,62,14,0,5,30,27,38,1,60,2,1,3,4,4,1,0.261290322,0.107344632,0.169491525,0.633333333,0.344729344,0.354838709,0.699568053,0.093548387,0.308943089,41.73216935840126,-0.09565897438052921,0.3127222720214299,106.49792748087965,1.392405063,0.244,0.44,0.316,0.025316455,0.063291139,0.054545454,0,0.31496063,0.32283465,0.36220472,0.16141732,0.59055118,0.2480315,254,87.51457477677688,110.1,11.101214574898785,11,0.04330709,86,0.33858268,0.2636398377260254,0.3739601727844298,0.32068337777344996,553,70.80873454888949,0.17359855,7.021494325634368,0.33554084,0.27486438,0.11258278,0.09222423,36.27263371293411,4.178811678907095,-1.8527827290498111,0.36347197,0.20496894,0.63885267,0.44082211,0.65909091,0.87959184,0.83279743,0.54358611,0.54237288,0.07370659,0.17930546,0.25301205,17.92087703
2025,Trea Turner,PHI,441,16252,607208,Trea Turner,95,410,128,89,22,7,10,65,51,27,1,71,3,1,0,9,26,3,0.312195121,0.061224489,0.160997732,0.38028169,0.358276643,0.473170731,0.831447374,0.16097561,0.357575757,68.33598502858669,16.22843617334158,0.3583795869892294,129.47619282776884,1.481818181,0.197058823,0.479411764,0.323529411,0.09090909,0.09090909,0.134969325,0,0.38235294,0.37941176,0.23823529,0.12058824,0.56176471,0.31764706,340,89.29411759096034,111.7,9.6,17,0.05,142,0.41764706,0.2772382049889463,0.40947230948226115,0.32088289491948674,759,71.40497702195239,0.19631094,7.552602902388541,0.31686542,0.24505929,0.1362862,0.10540184,27.99688541904897,8.04799958473631,-2.7187341208691183,0.5942029,0.32201405,0.75030902,0.53036681,0.55272727,0.87973641,0.77777778,0.48647023,0.61451247,0.11785929,0.12567649,0.24353578,18.99342105
2025,Yandy Díaz,TBR,286,16578,650490,Yandy Diaz,64,263,67,42,13,0,12,34,34,20,1,46,1,2,0,5,2,0,0.254752851,0.069930069,0.16083916,0.434782608,0.307692307,0.441064638,0.748756945,0.186311787,0.265700483,35.76855844305303,1.9754541967942951,0.32156247674373156,105.17392929680629,1.854838709,0.191780821,0.525114155,0.283105022,0.080645161,0.193548387,0.04347826,0,0.2739726,0.44748858,0.27853881,0.15525114,0.41552511,0.42922374,219,93.21513760417973,113.5,5.807339449541284,19,0.08675799,114,0.52054795,0.2758679459976096,0.45217894078436743,0.3409595408699882,455,73.69835347605276,0.35384615,7.6797012402461124,0.38031915,0.31428571,0.24468085,0.2021978,24.496753734546704,3.6057068148975846,5.241708635268631,0.37802198,0.26391382,0.62543554,0.44739169,0.69387755,0.90807799,0.8458498,0.50751547,0.54545455,0.06896552,0.18390805,0.25287356,18.31985731
2025,Gleyber Torres,DET,94,16997,650402,Gleyber Torres,23,83,20,11,5,0,4,14,11,9,0,16,0,2,0,2,1,0,0.240963855,0.09574468,0.170212765,0.5625,0.308510638,0.445783132,0.75429377,0.204819277,0.246153846,11.847177848192436,0.7403533756458572,0.32275586432599007,106.62746651743875,0.93548387,0.130434782,0.420289855,0.449275362,0.064516129,0.129032258,0.068965517,0,0.34782609,0.34782609,0.30434783,0.11594203,0.62318841,0.26086957,69,88.61449305216472,109.2,14.405797101449275,8,0.11594203,23,0.33333333,0.2504775329234909,0.45370809134679385,0.3307143307707094,141,69.70046786044506,0.10638298,7.18374865443994,0.36283186,0.29078014,0.14159292,0.11347518,34.56782817164211,9.615132744987132,3.3099465876923384,0.56028369,0.19211823,0.69398907,0.43005181,0.61538462,0.88976378,0.8253012,0.47409326,0.5212766,0.07512953,0.16321244,0.23834197,18.35273973
2025,Alex Verdugo,ATL,119,17027,657077,Alex Verdugo,27,109,27,19,8,0,0,13,10,9,0,11,1,0,0,0,1,0,0.247706422,0.075630252,0.092436974,0.818181818,0.310924369,0.321100917,0.632025286,0.073394495,0.275510204,11.197317665119943,-2.863449486295404,0.2834178825386432,79.26458451594887,1.620689655,0.224489795,0.479591836,0.295918367,0.068965517,0,0,0,0.35714286,0.37755102,0.26530612,0.14285714,0.53061224,0.32653061,98,90.09285693265954,107.7,9.010204081632653,3,0.03061224,43,0.43877551,0.2688656232422303,0.36541135582662776,0.30970521342447577,143,67.30267622087385,0.04195804,6.148973288235965,0.4351145,0.3986014,0.14503817,0.13286713,31.18679256039066,1.1763432018094129,0.2889136098898374,0.29370629,0.17142857,0.52380952,0.37060041,0.72222222,0.96503497,0.91620112,0.56521739,0.56302521,0.0310559,0.25672878,0.28778468,18.09944751
2025,Taylor Ward,LAA,97,17548,621493,Taylor Ward,22,91,20,10,4,0,6,12,9,5,1,22,0,1,0,2,0,1,0.219780219,0.051546391,0.226804123,0.227272727,0.257731958,0.461538461,0.719270419,0.241758242,0.21875,10.451230543757868,-1.0100670502529616,0.30022962763905525,90.18260761372123,0.870967741,0.171428571,0.385714285,0.442857142,0.064516129,0.193548387,0.037037037,0,0.37142857,0.31428571,0.31428571,0.08571429,0.48571429,0.42857143,70,91.0471426827567,110.3,18.114285714285714,8,0.11428571,34,0.48571429,0.2406265669640481,0.4544470274109639,0.3083716746744661,137,69.16597928792021,0.05109489,7.184657309177148,0.375,0.30656934,0.16071429,0.13138686,32.446244483446556,11.511049915404215,-4.291428978915197,0.60583942,0.1744186,0.59555556,0.41309824,0.53333333,0.89552239,0.82926829,0.56675063,0.55670103,0.07052897,0.20906801,0.27959698,17.53333333
2025,Ian Happ,CHC,394,17919,664023,Ian Happ,84,340,76,49,15,0,12,53,45,50,0,90,1,3,0,5,4,1,0.223529411,0.126903553,0.228426395,0.555555555,0.322335025,0.373529411,0.695864436,0.15,0.265560165,45.27023314154518,-1.28390347742665,0.3090415267169778,99.08079020290586,0.892156862,0.234126984,0.361111111,0.404761904,0.088235294,0.117647058,0.076923076,1,0.43083004,0.30039526,0.2687747,0.1541502,0.50592885,0.33992095,253,89.37261894771031,112,16.543650793650794,23,0.09090909,105,0.41501976,0.2433207053160432,0.4160779711478801,0.3343725519533728,635,71.94716957272507,0.18740157,6.999178058894601,0.31055901,0.23622047,0.14699793,0.11181102,32.24261744942252,10.49625855902518,1.0282449378742007,0.49291339,0.21716515,0.63151796,0.43627451,0.56287425,0.85137615,0.78370787,0.52879902,0.5964467,0.09436275,0.1807598,0.27512255,18.63938412
2025,Cedric Mullins,BAL,80,17929,656775,Cedric Mullins,18,70,12,9,0,0,3,7,4,9,0,21,1,0,0,0,3,0,0.171428571,0.1125,0.2625,0.428571428,0.275,0.3,0.575,0.128571429,0.195652173,6.168614808153789,-3.2840017642262764,0.2624949626624584,66.81113718817868,0.3,0.204081632,0.183673469,0.612244897,0.2,0.1,0.111111111,0,0.40816327,0.32653061,0.26530612,0.30612245,0.42857143,0.26530612,49,86.89591769782864,108.4,31.571428571428573,4,0.08163265,18,0.36734694,0.19654238008661196,0.344447620786793,0.2876266224629944,141,71.48679800912844,0.15602837,7.625010933436401,0.25217391,0.20567376,0.09565217,0.07801418,29.124096755440352,11.612218777761392,5.847968702620649,0.67375887,0.22346369,0.63874346,0.43783784,0.525,0.89344262,0.80246914,0.51621622,0.525,0.08648649,0.15945946,0.24594595,18.35986159
2025,Harrison Bader,2 Tms,83,18030,664056,Harrison Bader,19,78,22,16,4,0,2,12,5,4,0,26,1,0,0,0,2,1,0.282051282,0.048192771,0.313253012,0.153846153,0.325301204,0.41025641,0.735557614,0.128205128,0.4,10.379981623467291,0.5728919296229722,0.3215564783797207,104.28081690308208,1.105263157,0.23076923,0.403846153,0.365384615,0.210526315,0.105263157,0.095238095,0,0.44230769,0.32692308,0.23076923,0.21153846,0.46153846,0.32692308,52,86.25576921609732,112.1,17.134615384615383,3,0.05769231,14,0.26923077,0.21002089641749477,0.32412398133713466,0.2564320241224514,140,73.8943512235369,0.42857143,7.139584340367999,0.22772277,0.16428571,0.0990099,0.07142857,26.131616163253785,13.329173574915954,-4.841217562662703,0.53571429,0.38888889,0.7173913,0.54,0.58730159,0.83838384,0.74074074,0.46,0.68674699,0.14,0.14,0.28,17.7235023
2025,Sam Haggerty,TEX,110,18054,664059,Sam Haggerty,31,102,30,22,5,2,1,18,7,6,0,17,1,0,0,1,4,3,0.294117647,0.054545454,0.154545454,0.352941176,0.339449541,0.411764705,0.751214246,0.117647058,0.345238095,14.330468560391413,1.3331207733688228,0.32798206751499703,111.88378114530046,2.38095238,0.164705882,0.588235294,0.247058823,0.047619047,0.047619047,0.12,0,0.43529412,0.32941176,0.23529412,0.12941176,0.56470588,0.30588235,86,87.65060185811606,110.1,3.2142857142857144,2,0.02325581,34,0.39534884,0.2848812504578382,0.40154944302514195,0.3219257998584865,177,71.96572772527145,0.2259887,7.014364738248836,0.30434783,0.23728814,0.13768116,0.10734463,32.04218437712071,3.3129973175414538,0.56509316072794,0.3220339,0.2752809,0.72906404,0.51706037,0.59183673,0.86486486,0.79695431,0.5328084,0.66363636,0.10498688,0.14435696,0.24934383,19.08988764
2025,Nathan Lukes,TOR,109,18123,664770,Nathan Lukes,24,99,25,13,8,0,4,17,14,9,0,9,0,0,1,1,0,0,0.252525252,0.082568807,0.082568807,1,0.314814814,0.454545454,0.769360268,0.202020202,0.244186046,14.558706373097365,1.6795162932295253,0.3320331904623244,113.87270973411647,1.054054054,0.146067415,0.438202247,0.415730337,0.162162162,0.108108108,0.051282051,0.5,0.38461538,0.32967033,0.28571429,0.17582418,0.51648352,0.30769231,91,86.675281010317,105.6,14.01123595505618,5,0.05494505,34,0.37362637,0.25089294291124914,0.4068578918584425,0.31455756650797817,166,67.76662741511701,0.03012048,6.54932494335864,0.35714286,0.3313253,0.11688312,0.10843373,31.732171529746918,7.961789828108017,-7.36883412400283,0.47590361,0.31952663,0.64414414,0.50383632,0.90740741,0.92307692,0.91878173,0.56777494,0.64220183,0.04092072,0.16879795,0.20971867,19.35587189
2025,Ronald Acuña Jr.,ATL,189,18401,660670,Ronald Acuna Jr.,43,158,49,32,6,0,11,36,20,31,2,52,0,0,0,1,4,0,0.310126582,0.164021164,0.275132275,0.596153846,0.423280423,0.556962025,0.980242448,0.246835443,0.4,38.4743212824597,16.14251463021179,0.41825230714471584,171.63050165926472,1.093023255,0.150943396,0.443396226,0.405660377,0.069767441,0.255813953,0.085106382,0,0.35849057,0.44339623,0.19811321,0.10377358,0.49056604,0.40566038,106,92.50754727057691,115.5,14.066037735849056,21,0.19811321,55,0.51886792,0.26216055159501234,0.5684094514743472,0.40143972385629895,295,76.29990492998543,0.6779661,7.529478619462353,0.29577465,0.21355932,0.22065728,0.15932203,38.89117038532839,11.470798308162365,7.158938143768553,0.51864407,0.23786408,0.65274151,0.43773585,0.64285714,0.752,0.72126437,0.48176101,0.5978836,0.12201258,0.15471698,0.27672956,18.08429752
2025,Trent Grisham,NYY,406,18564,663757,Trent Grisham,88,342,69,42,4,0,23,55,43,60,0,105,3,1,0,4,2,1,0.201754385,0.147783251,0.258620689,0.571428571,0.325123152,0.415204678,0.74032783,0.213450293,0.213953488,52.425377427826646,4.453348322997817,0.3265651016693397,110.63050925108035,0.822429906,0.173728813,0.372881355,0.45338983,0.121495327,0.214953271,0.068181818,0,0.50840336,0.35714286,0.13445378,0.14285714,0.47478992,0.38235294,238,91.31525424375373,109.8,16.25,35,0.14705882,109,0.45798319,0.23356591985555508,0.4834647756818769,0.3616920853207998,556,71.15841894355609,0.1294964,7.621975180056455,0.35079727,0.27697842,0.17767654,0.14028777,31.11955246136343,16.71087012643651,-1.4921206875885134,0.58453237,0.15597484,0.57735426,0.3787789,0.5483871,0.86407767,0.8028169,0.52874926,0.57635468,0.0746888,0.20094843,0.27563723,19.36206897
2025,Randy Arozarena,SEA,245,19290,668227,Randy Arozarena,53,216,47,32,9,0,6,34,23,18,0,66,9,2,0,2,11,4,0.217592592,0.073469387,0.269387755,0.272727272,0.302040816,0.342592592,0.644633408,0.125,0.280821917,24.058990761351808,-4.889647491562145,0.2884737158308224,89.79400458884304,1.166666666,0.139072847,0.463576158,0.397350993,0.15,0.1,0.114285714,0,0.30921053,0.41447368,0.27631579,0.21710526,0.44736842,0.33552632,152,90.24437079524363,111.8,11.403973509933774,15,0.09868421,73,0.48026316,0.20794615353925447,0.35457030551872404,0.28965303945469156,366,72.24362219096533,0.31693989,7.4300455004791095,0.34090909,0.24590164,0.17045455,0.12295082,25.34951020589943,7.297270644000665,3.2617576072002694,0.56557377,0.25581395,0.64040404,0.45247934,0.61983471,0.75709779,0.71917808,0.51136364,0.63673469,0.12706612,0.18491736,0.31198347,18.21438451
2025,TJ Friedl,CIN,683,19522,670770,TJ Friedl,150,577,150,112,22,2,14,82,53,81,0,115,16,5,4,7,12,3,0.259965337,0.118594436,0.168374816,0.704347826,0.36377025,0.377816291,0.741586541,0.117850954,0.30022075,91.37362136999333,10.671907383298517,0.33230002103743744,108.34124641913316,1.076923076,0.218262806,0.405345211,0.376391982,0.165680473,0.082840236,0.038461538,0.5,0.46921444,0.33970276,0.1910828,0.18046709,0.54989384,0.26963907,471,87.0757239220668,107.6,14.338530066815144,13,0.02760085,150,0.31847134,0.2300024991195271,0.3201259363079896,0.3024289473773813,889,69.89319184928696,0.05961755,6.724585519732721,0.36806495,0.30596175,0.11772666,0.09786277,28.30045064576431,9.376877965269394,7.911095559685014,0.59617548,0.17604502,0.57452967,0.38575781,0.56621005,0.91183879,0.83711747,0.5262757,0.52855051,0.06283321,0.20487433,0.26770754,18.22078594
2025,Bo Bichette,TOR,378,19612,666182,Bo Bichette,82,355,96,65,20,1,10,38,47,19,1,61,2,2,0,7,4,3,0.270422535,0.05026455,0.161375661,0.311475409,0.309523809,0.416901408,0.726425217,0.146478873,0.3006993,44.84488666481634,0.18127336032052813,0.31364575731975647,101.20629516569355,1.468085106,0.216216216,0.466216216,0.317567567,0.042553191,0.106382978,0.036231884,0,0.29054054,0.40878378,0.30067568,0.13851351,0.49324324,0.36824324,296,91.0583049709514,112.3,8.27457627118644,27,0.09121622,145,0.48986486,0.29076396871462074,0.4802043274933562,0.3491558538201176,595,69.10734140732708,0.09747899,7.252562963662028,0.3613963,0.29579832,0.15605749,0.12773109,37.582789413067474,5.990901881594117,-0.11357055449459169,0.36638655,0.35131195,0.70543807,0.52522255,0.65145228,0.91220557,0.82344633,0.49109792,0.5978836,0.09272997,0.14391691,0.23664688,18.64845361
2025,Fernando Tatis Jr.,SDP,670,19709,665487,Fernando Tatis Jr.,150,576,156,102,27,2,25,110,71,86,7,127,6,2,0,6,30,7,0.270833333,0.128358208,0.189552238,0.677165354,0.370149253,0.454861111,0.825010364,0.184027778,0.307511737,103.21969481117522,24.054031017492175,0.3572739942580866,134.06796831714786,1.463576158,0.173333333,0.491111111,0.335555555,0.072847682,0.165562913,0.076923076,1,0.37915743,0.38580931,0.23503326,0.11751663,0.49002217,0.3924612,451,93.58727659497943,113.4,9.245535714285714,51,0.11308204,240,0.53215078,0.2743037917772113,0.4961787276541918,0.3737752676688546,1008,73.95135782256959,0.42361111,7.274153217436775,0.37317397,0.27876984,0.22443559,0.16765873,29.702333208114382,8.14149664068273,1.0363213821528627,0.56150794,0.2437408,0.69866444,0.45696401,0.51057402,0.84109916,0.74743151,0.4687011,0.57910448,0.11541471,0.13849765,0.25391236,18.33544974
2025,Shohei Ohtani,LAD,680,19755,660271,Shohei Ohtani,148,570,162,78,24,9,51,139,93,103,19,168,3,2,0,9,20,6,0.284210526,0.151470588,0.247058823,0.613095238,0.395280235,0.626315789,1.021596024,0.342105263,0.314447592,139.82104910453583,59.47380823930528,0.42077889907341987,174.34138467052526,0.887640449,0.168316831,0.391089108,0.440594059,0.050561797,0.286516853,0.088607594,0,0.45792079,0.37128713,0.17079208,0.0990099,0.45049505,0.45049505,406,94.89405958723314,120,15.002475247524753,94,0.23152709,239,0.58866995,0.27781505157486885,0.6540606519361215,0.4287080534696324,1061,75.84286739194764,0.61451461,7.936772992765982,0.36734694,0.25447691,0.26802721,0.18567389,36.951016946517555,15.04278287314349,2.294010146135687,0.52874647,0.2561925,0.659271,0.44635514,0.50276243,0.77403846,0.69179229,0.4717757,0.58382353,0.13757009,0.14841121,0.28598131,18.14528208
2025,Josh Lowe,TBR,95,19953,666139,Josh Lowe,21,84,22,15,4,0,3,16,7,9,0,22,1,0,1,2,3,1,0.261904761,0.094736842,0.231578947,0.409090909,0.340425531,0.416666666,0.757092197,0.154761905,0.322033898,12.763073439097226,1.538091259395898,0.33299639186960583,113.05032552903535,1.733333333,0.327868852,0.426229508,0.245901639,0,0.2,0.038461538,0,0.42857143,0.26984127,0.3015873,0.14285714,0.52380952,0.33333333,63,90.18305109315,109.2,8.677966101694915,4,0.06349206,29,0.46031746,0.29121580393984914,0.44603670624698083,0.35678713759609865,169,72.31823211308767,0.31360947,7.37648935430854,0.3,0.23076923,0.12307692,0.09467456,35.19418073123729,7.159000343075518,2.5617278147731306,0.49112426,0.37435897,0.67039106,0.51604278,0.71232877,0.88333333,0.81865285,0.47860963,0.62105263,0.09358289,0.14171123,0.23529412,19.13605442
2025,Isaac Paredes,HOU,75,20036,670623,Isaac Paredes,17,67,20,11,5,0,4,10,8,7,0,8,1,0,0,0,0,0,0.298507462,0.093333333,0.106666666,0.875,0.373333333,0.552238805,0.925572138,0.253731343,0.29090909,13.89500019442888,5.033172157822566,0.3957112828890483,157.70982543015094,0.361111111,0.169491525,0.220338983,0.610169491,0.25,0.111111111,0,0,0.61016949,0.16949153,0.22033898,0.27118644,0.37288136,0.3559322,59,87.32586222681506,105,30.79310344827586,3,0.05084746,18,0.30508475,0.23743887792807072,0.381294424910183,0.30968434840591774,123,69.31583789112122,0.11382114,8.025248104963845,0.33009709,0.27642276,0.0776699,0.06504065,32.878577162579795,15.869188096465134,-15.610748171806335,0.57723577,0.19620253,0.64367816,0.43072289,0.83870968,0.84821429,0.84615385,0.52409639,0.49333333,0.06626506,0.20481928,0.27108434,18.12890625
2025,Lars Nootbaar,STL,436,21454,663457,Lars Nootbaar,95,379,89,63,17,1,8,53,32,52,2,90,3,2,0,4,4,4,0.234828496,0.119266055,0.206422018,0.577777777,0.330275229,0.34828496,0.678560189,0.113456464,0.286219081,47.95515908726528,-3.561601232206077,0.3029938087485353,95.29363241954346,0.768656716,0.18556701,0.35395189,0.460481099,0.126865671,0.059701492,0.058252427,0,0.35395189,0.38831615,0.25773196,0.18556701,0.4742268,0.34020619,291,90.98178672135082,112.7,17.1340206185567,28,0.09621993,145,0.49828179,0.23704588722215233,0.4072555311593672,0.3244053313985021,612,73.65571909013137,0.40196078,6.919543102675793,0.3503055,0.28104575,0.19348269,0.15522876,27.982268546920977,9.737137531560352,3.332378077545976,0.57679739,0.22374429,0.56017998,0.39320113,0.6122449,0.88554217,0.80835735,0.50368272,0.55733945,0.07535411,0.20679887,0.28215297,17.97280967
2025,Nico Hoerner,CHC,75,21479,663538,Nico Hoerner,17,72,22,19,1,1,1,12,6,2,0,9,1,0,0,0,6,1,0.305555555,0.026666666,0.12,0.222222222,0.333333333,0.388888888,0.722222221,0.083333333,0.338709677,9.07748703532176,0.21565899871544728,0.31659671147664387,104.25633473875082,0.904761904,0.365079365,0.301587301,0.333333333,0.047619047,0.047619047,0,0,0.31746032,0.50793651,0.17460317,0.19047619,0.68253968,0.12698413,63,86.46825402880472,105.3,13.333333333333334,2,0.03174603,17,0.26984127,0.3453775166352797,0.47081046594151604,0.3666151694456736,113,68.07172673993406,0.00884956,7.223440908752711,0.45098039,0.40707965,0.11764706,0.10619469,34.00987947514627,5.518320280102502,-1.3185750472862108,0.43362832,0.34645669,0.58441558,0.47686833,0.79545455,0.92222222,0.88059701,0.5480427,0.57333333,0.0569395,0.21708185,0.27402135,17.02941176
2025,Trevor Larnach,MIN,78,21501,663616,Trevor Larnach,19,67,16,12,3,1,0,6,2,9,0,15,1,1,0,3,1,0,0.23880597,0.115384615,0.192307692,0.6,0.333333333,0.313432835,0.646766168,0.074626865,0.301886792,7.963135655295112,-1.253165502775453,0.2932667900354434,85.80637591664755,1,0.245283018,0.37735849,0.37735849,0.05,0,0,0,0.32075472,0.37735849,0.30188679,0.0754717,0.66037736,0.26415094,53,92.98301927098689,110.1,12.660377358490566,1,0.01886792,24,0.45283019,0.2397889136753754,0.3148784660734236,0.2946324846199833,108,72.1566041663841,0.23148148,7.062636265048274,0.47945205,0.32407407,0.19178082,0.12962963,32.7853678950557,6.119404044554189,7.428361557958716,0.40740741,0.23308271,0.67132867,0.46014493,0.35483871,0.83333333,0.71653543,0.51811594,0.67948718,0.13043478,0.17028986,0.30072464,18.15151515
2025,Jonathan India,KCR,453,21523,663697,Jonathan India,104,399,94,64,25,0,5,49,32,41,0,76,10,2,1,7,0,4,0.235588972,0.090507726,0.167770419,0.539473684,0.32079646,0.335839598,0.656636058,0.100250626,0.278125,47.041852287538404,-6.483589053563721,0.295426729901702,85.03550544382736,0.934306569,0.182098765,0.395061728,0.422839506,0.145985401,0.03649635,0.0546875,0,0.48773006,0.28220859,0.23006135,0.17484663,0.51840491,0.30674847,326,88.02777767181396,110.8,16.358024691358025,18,0.05521472,120,0.36809816,0.2555388984942043,0.39289282094938144,0.32415147821580015,680,71.81047538869521,0.22205882,7.278565152252422,0.33865248,0.28088235,0.14184397,0.11764706,27.964647617059594,8.776274158323512,-3.863481038370553,0.61176471,0.18562874,0.58141762,0.40553486,0.58709677,0.89291598,0.83070866,0.55561469,0.62030905,0.06865354,0.21979776,0.2884513,17.49787535
2025,Jeremy Peña,HOU,434,21636,665161,Jeremy Pena,96,397,126,83,27,2,14,55,54,25,0,76,10,1,1,8,15,2,0.317380352,0.057603686,0.175115207,0.328947368,0.37182448,0.501259445,0.873083925,0.183879093,0.363636363,73.81488544990724,22.534440544745383,0.3770067672531269,144.8249845984174,1.457943925,0.180685358,0.485981308,0.333333333,0.084112149,0.130841121,0.108974358,0,0.44582043,0.35294118,0.20123839,0.13312693,0.55417957,0.3126935,323,88.89249994754792,109.9,9.134375,25,0.07739938,137,0.42414861,0.26667465030884774,0.43200570790977877,0.3301245607651287,634,72.39456936087142,0.15772871,7.566189029615384,0.41880342,0.30914826,0.19444444,0.14353312,30.985956167949112,11.173390975086846,-8.148404416542983,0.62933754,0.36477115,0.69076923,0.51932896,0.48669202,0.88195991,0.73595506,0.47410649,0.66589862,0.13712619,0.14952589,0.28665208,17.44908896
2025,Oneil Cruz,PIT,268,21711,665833,Oneil Cruz,61,233,47,26,9,1,11,37,26,32,1,94,2,1,0,4,18,3,0.201716738,0.119402985,0.350746268,0.340425531,0.302238805,0.390557939,0.692796744,0.188841201,0.279069767,29.62954184107343,-2.036723676399792,0.303694746690743,91.7422977500647,1.32,0.171428571,0.471428571,0.357142857,0.1,0.22,0.045454545,0,0.39285714,0.4,0.20714286,0.15714286,0.4,0.44285714,140,97.79712235155723,122.9,8.611510791366907,32,0.22857143,86,0.61428571,0.22174077452128305,0.46172399664747305,0.3364717795117933,407,78.6348443745981,0.76412776,7.780833514961037,0.33207547,0.21621622,0.25660377,0.16707617,33.71289392888399,9.221912599019982,7.729130074638114,0.47911548,0.26973684,0.58415842,0.41239892,0.53658537,0.73559322,0.66448802,0.45372866,0.61940299,0.13836478,0.18867925,0.32704403,18.16248507
2025,Brice Turang,MIL,309,22186,668930,Brice Turang,67,274,75,55,9,1,10,50,35,30,0,73,2,2,1,1,17,3,0.273722627,0.097087378,0.236245954,0.410958904,0.347402597,0.423357664,0.770760261,0.149635037,0.336787564,42.64129593611543,6.130564425297422,0.33749147494892023,117.53226965397549,1.304347826,0.201005025,0.452261306,0.346733668,0,0.144927536,0.111111111,0.6,0.21568627,0.38235294,0.40196078,0.07352941,0.57352941,0.35294118,204,91.65628143770611,111.2,9.417085427135678,20,0.09803922,100,0.49019608,0.2501856298508789,0.43677610794361,0.3316152656757781,535,70.21327010537976,0.14392523,6.786896318810008,0.33940774,0.27850467,0.12756264,0.1046729,31.172839066692603,6.368888740116191,-8.92778485133269,0.44859813,0.25,0.62535211,0.44740741,0.6625,0.87837838,0.82119205,0.52592593,0.60194175,0.08,0.18444444,0.26444444,17.57722008
2025,Xavier Edwards,MIA,590,22266,669364,Xavier Edwards,130,537,151,123,20,5,3,73,40,46,2,85,2,2,3,6,25,7,0.281191806,0.077966101,0.144067796,0.54117647,0.339011925,0.353817504,0.692829429,0.072625698,0.328159645,66.71750278862977,-2.9955444326732104,0.30680166381037133,94.41311945030274,1.538461538,0.244851258,0.457665903,0.297482837,0.061538461,0.023076923,0.075,0.45,0.32166302,0.36323851,0.31509847,0.16849015,0.58643326,0.24507659,457,86.72119836763302,109,8.473563218390805,4,0.00875274,135,0.29540481,0.26129438883488937,0.331809028241895,0.2921567876027942,873,66.91814808009826,0.02405498,6.401730099357963,0.35807292,0.31500573,0.06770833,0.05956472,31.012803138872737,2.905294964309752,-0.567469920421111,0.34707904,0.25297619,0.67613132,0.4763466,0.76470588,0.9343832,0.89183874,0.52786885,0.62372881,0.05152225,0.15362998,0.20515222,19.25064767
2025,Heliot Ramos,SFG,375,22515,671218,Heliot Ramos,82,342,90,66,12,0,12,45,35,26,1,83,4,3,0,9,3,2,0.263157894,0.069333333,0.221333333,0.313253012,0.32,0.403508771,0.723508771,0.140350877,0.312,44.96396480589079,0.6548246228592303,0.31520584130032175,103.90464106228647,1.0990099,0.190839694,0.423664122,0.385496183,0.07920792,0.118811881,0.09009009,0,0.35877863,0.38931298,0.2519084,0.15648855,0.47709924,0.36641221,262,91.97713171788888,116,11.734615384615385,21,0.08015267,124,0.47328244,0.2542267084760955,0.4298707105043019,0.3205882632280574,603,74.12287143055677,0.45936982,6.884086877750125,0.33920705,0.25538972,0.19823789,0.14925373,31.601311134857127,6.068151558247421,1.4500152971224851,0.48922056,0.2995896,0.66079295,0.47379603,0.57077626,0.88666667,0.78325859,0.48229462,0.624,0.10269122,0.17351275,0.27620397,18.06442308
2025,Tyler Freeman,COL,320,22532,671289,Tyler Freeman,74,288,78,61,15,1,1,34,21,24,0,42,5,1,2,6,12,7,0.270833333,0.075,0.13125,0.571428571,0.336477987,0.340277777,0.676755764,0.069444444,0.31300813,35.26389236716512,-2.5465739223551473,0.30325340399952055,79.67056131619408,1.865671641,0.203319502,0.518672199,0.278008298,0.044776119,0.014925373,0.048,0.5,0.3373494,0.36546185,0.29718876,0.10843373,0.5060241,0.38554217,249,90.23983392675882,109.6,8.066390041493776,4,0.01606426,101,0.40562249,0.26988350262521027,0.35281920132749495,0.3094373727678585,466,71.04858495032839,0.10515021,6.923056545175708,0.37346437,0.32618026,0.14004914,0.1223176,35.56676237163626,3.339292636053245,0.38467853159000176,0.3304721,0.25426621,0.6265625,0.44861338,0.67785235,0.95012469,0.87636364,0.52202284,0.6375,0.05546493,0.18107667,0.2365416,18.86237514
2025,Lawrence Butler,ATH,451,22542,671732,Lawrence Butler,100,403,102,63,21,1,17,66,47,47,0,125,0,0,1,1,20,6,0.253101736,0.10421286,0.277161862,0.376,0.331111111,0.436724565,0.767835676,0.183622829,0.325670498,61.20435691448318,7.915230987690552,0.3346714242299398,112.26698688067816,1.315789473,0.20289855,0.45289855,0.344202898,0.052631578,0.178947368,0.048,0.333333333,0.36200717,0.3655914,0.27240143,0.14336918,0.55197133,0.3046595,279,90.78804343679677,113.3,9.06159420289855,27,0.09677419,120,0.43010753,0.22885727004567277,0.3919043032823484,0.3087508529273951,756,73.8241907654616,0.40608466,7.086526859374273,0.29056604,0.2037037,0.16603774,0.11640212,30.42922801315469,6.85805124909957,-1.118954421035827,0.44444444,0.25627045,0.6784141,0.46630137,0.45957447,0.80681818,0.71092832,0.49753425,0.57871397,0.13479452,0.13808219,0.27287671,18.02913328
2025,Maikel Garcia,KCR,96,22715,672580,Maikel Garcia,22,82,28,17,11,0,0,12,14,10,0,10,0,2,2,3,1,2,0.341463414,0.104166666,0.104166666,1,0.404255319,0.475609756,0.879865075,0.134146342,0.378378378,16.533527396873076,5.1903875100170005,0.37964730123256113,143.051905198748,1.166666666,0.297297297,0.378378378,0.324324324,0,0,0.071428571,0,0.43421053,0.34210526,0.22368421,0.10526316,0.55263158,0.34210526,76,92.46081115104057,110,8.675675675675675,3,0.03947368,34,0.44736842,0.3431519215313218,0.4816886752889287,0.3821242151341291,126,72.04777575296069,0.20634921,7.264983672944326,0.46491228,0.42063492,0.21052632,0.19047619,27.964236244322763,4.574966167351083,-0.6040600897773863,0.44444444,0.21590909,0.54450262,0.38692098,0.71052632,0.95192308,0.88732394,0.52043597,0.54166667,0.04359673,0.21253406,0.25613079,17.07352941
2025,Geraldo Perdomo,ARI,226,22799,672695,Geraldo Perdomo,49,186,60,38,13,3,6,36,26,31,1,33,4,1,4,3,12,3,0.322580645,0.137168141,0.146017699,0.939393939,0.427927927,0.521505376,0.949433303,0.198924731,0.364864864,44.33271388880454,17.62907207183086,0.40913130471069886,164.86901287770786,1.2,0.285714285,0.389610389,0.324675324,0.2,0.12,0.083333333,0,0.51265823,0.27848101,0.20886076,0.18987342,0.51898734,0.29113924,158,86.71699341917349,108.2,15.607843137254902,13,0.08227848,53,0.33544304,0.3036093060059372,0.4458261664233145,0.37915503514443777,309,68.28024305572016,0.04854369,6.973075758677856,0.33574007,0.30097087,0.10830325,0.09708738,36.20836867175056,8.92737390862591,3.2359013855457306,0.50485437,0.16447368,0.54832347,0.36656282,0.77333333,0.92805755,0.89518414,0.52647975,0.52654867,0.0384216,0.22637591,0.26479751,17.41847826
2025,Parker Meadows,DET,75,23800,678009,Parker Meadows,18,66,13,8,3,2,0,4,1,8,0,18,0,1,0,0,3,0,0.196969696,0.106666666,0.24,0.444444444,0.28,0.303030303,0.583030303,0.106060607,0.265306122,5.64402734384649,-3.217800692759821,0.2602114597956339,63.54296687172021,0.95,0.1875,0.395833333,0.416666666,0.15,0,0,0,0.32653061,0.51020408,0.16326531,0.12244898,0.6122449,0.26530612,49,90.00416723887126,109.2,14.333333333333334,3,0.06122449,20,0.40816327,0.22959943761287088,0.35978360937654297,0.30387757988957065,114,69.86504327205189,0.03508772,7.291915701146712,0.37647059,0.28070175,0.10588235,0.07894737,30.787756886398583,8.163900308180274,3.915720163599441,0.48245614,0.2012987,0.64285714,0.42207792,0.51612903,0.86868687,0.78461538,0.5,0.54666667,0.09090909,0.17207792,0.26298701,17.56465517
2025,Steven Kwan,CLE,693,24610,680757,Steven Kwan,156,625,170,129,29,1,11,81,56,55,2,60,3,7,3,3,21,5,0.272,0.079365079,0.086580086,0.916666666,0.330434782,0.3744,0.704834782,0.1024,0.283422459,79.89254963223979,-1.9907414260025258,0.30951694633032,98.94299726875172,1.039215686,0.257142857,0.378571428,0.364285714,0.078431372,0.053921568,0.033018867,0.4,0.31478261,0.3773913,0.30782609,0.12695652,0.67652174,0.19652174,575,86.18604662763838,104.2,15.579606440071556,11,0.01913043,111,0.19304348,0.27321233797539024,0.3664706709565595,0.3099017729387121,951,63.677703877478116,0.0084122,6.3273576326300045,0.42662116,0.39432177,0.04095563,0.03785489,35.58456254832752,3.2494924170455723,2.5022676558744017,0.35226078,0.22608025,0.58604336,0.41774892,0.78498294,0.96763006,0.92141623,0.53246753,0.58297258,0.03282828,0.21789322,0.2507215,18.05595755
2025,Jarren Duran,BOS,496,24617,680776,Jarren Duran,108,447,114,68,28,9,9,60,54,38,0,121,8,2,1,4,18,5,0.255033557,0.076612903,0.243951612,0.314049586,0.323232323,0.418344519,0.741576842,0.163310962,0.329153605,62.467789589481754,3.8615668407253465,0.32264417301524767,102.60520720099031,1.079365079,0.201219512,0.414634146,0.384146341,0.095238095,0.071428571,0.06617647,0,0.36474164,0.3556231,0.27963526,0.1550152,0.52583587,0.31914894,329,91.52171266188316,117.7,12.584097859327217,30,0.09118541,150,0.45592705,0.24331384538719847,0.39306195225120805,0.314326234628929,791,74.6131219297233,0.46144121,7.4486505325163055,0.31111111,0.2300885,0.17948718,0.13274336,26.4250197549234,5.298413409774961,-1.4452035422101335,0.43868521,0.31692308,0.6434024,0.47515856,0.52427184,0.86779661,0.74972191,0.4846723,0.57258065,0.11892178,0.16014799,0.27906977,18.42991329
2025,Brendan Donovan,STL,236,24679,680977,Brendan Donovan,53,211,54,37,11,0,6,29,22,20,1,30,1,3,1,0,0,2,0.25592417,0.084745762,0.127118644,0.666666666,0.319148936,0.393364928,0.712513864,0.137440758,0.269662921,27.271248948376616,-0.6139699401445775,0.30985082189242047,99.99090694531169,1,0.193370165,0.403314917,0.403314917,0.09589041,0.08219178,0.02739726,0.75,0.38378378,0.31351351,0.3027027,0.13513514,0.52972973,0.33513514,185,90.1320444602334,109.6,15.30939226519337,19,0.1027027,74,0.4,0.2638187379608266,0.44044046167789636,0.3330203667661159,330,69.93027785330108,0.05454545,6.797450922474717,0.43598616,0.38181818,0.16955017,0.14848485,30.250049833817915,7.717795825140043,-1.6095126823493928,0.50909091,0.2396088,0.59865471,0.42690058,0.7755102,0.93258427,0.89041096,0.52163743,0.63559322,0.04678363,0.2,0.24678363,17.45880452
2025,Brenton Doyle,COL,143,25479,686668,Brenton Doyle,34,134,29,21,4,0,4,13,16,9,0,36,0,0,0,4,4,0,0.21641791,0.062937062,0.251748251,0.25,0.265734265,0.335820895,0.60155516,0.119402985,0.265957446,11.33039446045625,-5.5661576626731195,0.26511330204410155,53.54336488735873,0.974358974,0.214285714,0.387755102,0.397959183,0.076923076,0.102564102,0.105263157,0,0.42857143,0.34693878,0.2244898,0.15306122,0.48979592,0.35714286,98,89.80918358783333,111.3,13.204081632653061,14,0.14285714,44,0.44897959,0.2526860457276856,0.4539049176869344,0.3234014995086782,210,70.41553998674665,0.04761905,7.281053461347308,0.37106918,0.28095238,0.1572327,0.11904762,30.442545436677477,12.183860412098113,0.44344614169427327,0.71904762,0.29571984,0.65530303,0.47792706,0.52631579,0.85549133,0.75502008,0.50671785,0.67132867,0.11708253,0.17466411,0.29174664,17.50802139
2025,CJ Abrams,WSN,482,25768,682928,CJ Abrams,108,436,117,71,28,4,14,74,45,30,1,85,12,3,1,3,26,3,0.268348623,0.062240663,0.176348547,0.352941176,0.33056133,0.447247706,0.777809036,0.178899083,0.302941176,65.93648833904467,8.984473490454784,0.33601343507568043,115.78524071621415,1.007042253,0.194915254,0.403954802,0.401129943,0.112676056,0.098591549,0.048951048,0,0.43661972,0.36338028,0.2,0.2028169,0.47887324,0.31830986,355,88.87259886359091,112.7,12.629943502824858,27,0.07605634,146,0.41126761,0.2546757840692416,0.4089742961837355,0.32029507914075,762,72.43183342740917,0.25065617,7.585430322982508,0.32996633,0.25721785,0.14478114,0.11286089,26.975457374192285,10.398241672870212,3.422029632429673,0.61417323,0.31899642,0.67374302,0.50230947,0.62546816,0.85572139,0.78505747,0.51674365,0.59128631,0.10796767,0.15300231,0.26096998,17.80419017
2025,Jared Triolo,PIT,117,25807,669707,Jared Triolo,27,105,25,15,6,2,2,17,5,11,0,26,1,0,0,0,4,1,0.238095238,0.094017094,0.222222222,0.423076923,0.316239316,0.39047619,0.706715506,0.152380952,0.298701298,13.574826978782005,-0.24962475832384268,0.31042727191224057,96.35429404545383,0.885714285,0.142857142,0.402597402,0.454545454,0.057142857,0.057142857,0.096774193,0.5,0.40506329,0.36708861,0.2278481,0.12658228,0.55696203,0.3164557,79,89.24155857036641,108.5,12.480519480519481,6,0.07594937,34,0.43037975,0.22477522482984655,0.3713062243569376,0.2992956755647006,178,71.19105568360746,0.09550562,7.905763125151731,0.35251799,0.2752809,0.17985612,0.14044944,36.95458292157463,9.289114426109897,-2.917811660409978,0.46629213,0.20283019,0.65145228,0.4415011,0.39534884,0.87898089,0.775,0.53200883,0.68376068,0.09933775,0.19646799,0.29580574,18.6358209
2025,Shea Langeliers,ATH,74,25816,669127,Shea Langeliers,15,71,23,14,4,0,5,11,13,2,0,17,0,1,0,0,1,0,0.323943661,0.027027027,0.229729729,0.117647058,0.337837837,0.591549295,0.929387132,0.267605634,0.36,13.42446587277673,4.6807955433251704,0.3909632289731825,151.0443045276943,0.64,0.254545454,0.29090909,0.454545454,0.12,0.2,0.0625,0,0.52727273,0.32727273,0.14545455,0.09090909,0.47272727,0.43636364,55,94.174073961046,112.3,22.185185185185187,7,0.12727273,22,0.4,0.28163216814365505,0.5352989532768593,0.3495488324368449,145,74.7993122495454,0.52413793,7.347003210001978,0.33636364,0.25517241,0.2,0.15172414,30.486054992675783,12.369309610333936,-5.143366623335871,0.66896552,0.4047619,0.76470588,0.59160305,0.47058824,0.89423077,0.75483871,0.51908397,0.67567568,0.14503817,0.09541985,0.24045802,19.10638298
2025,Corbin Carroll,ARI,340,25878,682998,Corbin Carroll,72,305,79,31,14,11,23,66,49,30,1,87,4,1,0,2,12,4,0.259016393,0.088235294,0.255882352,0.344827586,0.332352941,0.603278688,0.935631629,0.344262295,0.285714285,61.33507037709791,21.16144994448263,0.3897137782566667,151.56738278716418,0.612612612,0.182648401,0.310502283,0.506849315,0.099099099,0.207207207,0.058823529,0,0.46118721,0.33789954,0.20091324,0.15068493,0.41552511,0.43378995,219,92.98584480808206,115.8,18.89041095890411,35,0.15981735,117,0.53424658,0.2515211103770302,0.5520239057672042,0.3695502466526278,585,74.85026033841646,0.47179487,7.2846010305942634,0.3018018,0.22905983,0.20720721,0.15726496,25.362938833644247,10.830789368787908,3.078138584255153,0.70940171,0.32745962,0.67596899,0.49698341,0.64573991,0.83027523,0.76783005,0.48642534,0.60882353,0.11538462,0.14630468,0.26168929,19.14460285
2025,Kerry Carpenter,DET,143,25961,681481,Kerry Carpenter,41,134,34,21,5,1,7,24,14,7,0,28,0,0,0,2,1,0,0.253731343,0.048951048,0.195804195,0.25,0.290780141,0.462686567,0.753466708,0.208955224,0.272727272,17.996635133570226,1.1000830104408572,0.3225302079045181,106.47202025355682,0.673076923,0.179245283,0.330188679,0.490566037,0.173076923,0.134615384,0.028571428,0,0.43396226,0.37735849,0.18867925,0.13207547,0.53773585,0.33018868,108,91.76571484520322,108.9,22.37142857142857,14,0.12962963,54,0.5,0.26176224894825145,0.517718299783073,0.3467083367984742,275,71.86610590154474,0.15272727,7.41987885388461,0.35779817,0.28363636,0.15137615,0.12,33.8716895086115,15.59570419029756,-0.6091610571471128,0.49454545,0.32592593,0.75086505,0.54561717,0.625,0.86175115,0.79344262,0.51699463,0.64335664,0.11270125,0.11449016,0.22719141,18.80193237
2025,Bryson Stott,PHI,176,26294,681082,Bryson Stott,38,162,37,29,3,2,3,21,21,11,0,30,1,1,1,0,9,1,0.228395061,0.0625,0.170454545,0.366666666,0.28,0.327160493,0.607160493,0.098765432,0.261538461,14.402788454233772,-6.392968005002373,0.2683162604059492,67.77991767291499,0.888888888,0.227272727,0.363636363,0.409090909,0.074074074,0.055555555,0.0625,0.5,0.31343284,0.37313433,0.31343284,0.19402985,0.53731343,0.26865672,134,87.34166679960309,110.7,15.840909090909092,7,0.05223881,39,0.29104478,0.2540653171470492,0.3899909597584391,0.3027938396882798,266,69.13517864485432,0.04511278,7.249060533996811,0.33333333,0.28571429,0.07017544,0.06015038,33.756031265832426,6.657961346825263,-3.548904636496664,0.45864662,0.24512535,0.5377129,0.4012987,0.73863636,0.90045249,0.85436893,0.53376623,0.59090909,0.05844156,0.24025974,0.2987013,18.79426644
2025,Michael Busch,CHC,222,26319,683737,Michael Busch,52,199,48,20,10,2,16,34,32,17,1,53,4,2,0,0,0,0,0.24120603,0.076576576,0.238738738,0.320754716,0.31081081,0.552763819,0.863574629,0.311557789,0.242424242,34.95962095852931,8.728609970174622,0.361482029047487,135.00422079093926,0.774193548,0.256756756,0.324324324,0.418918918,0.032258064,0.258064516,0.020833333,0,0.5,0.29054054,0.20945946,0.08108108,0.45945946,0.45945946,148,93.28513501141522,110.9,16.60135135135135,32,0.21621622,72,0.48648649,0.2752074133294714,0.5966164859909162,0.3949621054333344,345,69.5678661622863,0.04347826,6.9567836098049,0.40996169,0.31014493,0.2183908,0.16521739,36.74425632089808,15.024515214000923,0.8667003195678842,0.52463768,0.24281984,0.6803653,0.47624848,0.46236559,0.84563758,0.7544757,0.53349574,0.67567568,0.11693057,0.16565164,0.28258222,17.65824916
2025,Josh Smith,TEX,398,26396,669701,Josh Smith,89,351,88,62,16,2,8,54,22,38,1,59,5,1,2,3,5,2,0.25071225,0.095477386,0.148241206,0.644067796,0.331645569,0.376068376,0.707713945,0.125356126,0.280701754,47.07668870072982,0.049921253138992386,0.3132095869422564,101.70757211778118,1.148148148,0.205479452,0.424657534,0.369863013,0.074074074,0.074074074,0.024193548,0.333333333,0.35932203,0.36949153,0.27118644,0.18983051,0.50508475,0.30508475,296,87.55410969094055,108.2,13.116438356164384,17,0.05743243,96,0.32432432,0.2572925130099037,0.3909927648956492,0.3216163373379708,631,69.26224516613169,0.03961965,6.728057191035638,0.35114504,0.29160063,0.11450382,0.09508716,36.765831404744915,8.054870624785945,0.8958803434072508,0.43740095,0.25166445,0.62954279,0.45261845,0.62433862,0.91806331,0.8415978,0.53179551,0.60301508,0.07169576,0.17892768,0.25062344,18.31307244
2025,Spencer Horwitz,PIT,131,26477,687462,Spencer Horwitz,31,120,35,22,8,0,5,17,24,11,0,23,0,0,0,1,0,0,0.291666666,0.083969465,0.175572519,0.478260869,0.351145038,0.483333333,0.834478371,0.191666667,0.326086956,20.52173200035996,5.043072363087602,0.3604704237166252,130.63546242406676,0.947368421,0.237113402,0.37113402,0.391752577,0.131578947,0.131578947,0.027777777,0,0.40206186,0.35051546,0.24742268,0.15463918,0.51546392,0.32989691,97,89.16288659007279,107.3,14.360824742268042,8,0.08247423,41,0.42268041,0.28864588917058426,0.473042170520057,0.35520596930735837,225,68.59663811577691,0.08444444,6.976733915540907,0.34715026,0.29777778,0.10362694,0.08888889,35.80676902770996,10.467302868631151,2.3657886581950716,0.50222222,0.21804511,0.66779661,0.45454545,0.65517241,0.9035533,0.84705882,0.5258467,0.61068702,0.06951872,0.16399287,0.23351159,18.06791569
2025,Colt Keith,DET,218,27899,690993,Colt Keith,55,197,50,33,8,1,8,34,20,17,0,53,2,2,0,2,1,0,0.253807106,0.077981651,0.243119266,0.320754716,0.316513761,0.426395939,0.7429097,0.172588833,0.304347826,27.359683507545707,1.6013033478100278,0.32210225140282867,106.17721703520542,0.836065573,0.232876712,0.349315068,0.417808219,0.06557377,0.13114754,0.019607843,0,0.38356164,0.3630137,0.25342466,0.08219178,0.51369863,0.40410959,146,90.80068468067743,109.4,16.965753424657535,12,0.08219178,68,0.46575342,0.24191225653391352,0.41998893671153764,0.31765171740238274,357,70.84491806671399,0.10644258,6.864092842871401,0.35211268,0.28011204,0.1584507,0.12605042,32.72116813339105,12.258475823771386,4.13469497865739,0.46218487,0.27293578,0.63474388,0.45649718,0.63865546,0.86666667,0.79950495,0.50734463,0.62844037,0.09152542,0.18418079,0.27570621,18.21503759
2025,Jackson Chourio,MIL,118,28806,694192,Jackson Chourio,26,113,30,17,9,1,3,17,14,4,0,24,0,1,0,2,9,2,0.265486725,0.033898305,0.20338983,0.166666666,0.288135593,0.442477876,0.730613469,0.176991151,0.310344827,13.772266128614696,-0.1703433156459015,0.3112770728135513,99.57456113353585,1.34375,0.166666666,0.477777777,0.355555555,0.125,0.09375,0.186046511,0,0.37777778,0.45555556,0.16666667,0.23333333,0.46666667,0.3,90,87.2744448767768,110.4,7.855555555555555,5,0.05555556,35,0.38888889,0.2299433363894149,0.3567729846067496,0.2642048002749492,202,73.94759329238741,0.43069307,7.567978521384815,0.32704403,0.25742574,0.18238994,0.14356436,26.82905859994416,6.553240973170441,1.5724782234813908,0.53960396,0.38219895,0.68161435,0.54347826,0.64383562,0.84210526,0.77777778,0.53864734,0.75423729,0.12077295,0.16425121,0.28502415,17.92905405
2025,James Wood,WSN,178,29518,695578,James Wood,40,162,44,21,13,0,10,24,28,16,0,59,0,0,0,4,2,1,0.271604938,0.08988764,0.331460674,0.27118644,0.337078651,0.537037037,0.874115688,0.265432099,0.365591397,29.572830310821338,8.540758437275693,0.37215289205647584,140.54193099649615,1.607142857,0.291262135,0.436893203,0.27184466,0,0.357142857,0.022222222,0,0.2815534,0.32038835,0.39805825,0.03883495,0.51456311,0.44660194,103,96.18155325732185,118,8.533980582524272,15,0.14563107,59,0.57281553,0.27254227558467076,0.5142323711447211,0.3640674620008703,269,76.34932124481769,0.65427509,7.660160754249885,0.32994924,0.24163569,0.23857868,0.17472119,38.83507661216764,11.008078229250074,-2.9375857587031273,0.42750929,0.21848739,0.57289003,0.40374332,0.41025641,0.82589286,0.71854305,0.52272727,0.57303371,0.11363636,0.20588235,0.31951872,17.82280702
2025,Ben Rice,NYY,102,29576,700250,Ben Rice,23,84,19,8,2,2,7,21,17,14,0,17,4,0,0,2,2,1,0.226190476,0.137254901,0.166666666,0.823529411,0.362745098,0.547619047,0.910364145,0.321428571,0.2,18.248732899705782,6.196646769921199,0.3878809038330527,152.86867070511184,0.833333333,0.179104477,0.373134328,0.447761194,0.066666666,0.233333333,0.04,0,0.43283582,0.34328358,0.2238806,0.14925373,0.41791045,0.43283582,67,95.04029886046452,113.2,14.746268656716419,16,0.23880597,39,0.58208955,0.31251178727862206,0.6868995368491769,0.46752738789883536,156,74.32139411339394,0.46153846,7.43885186390999,0.34883721,0.28846154,0.25581395,0.21153846,34.12927369582347,10.98309550811656,6.371334619127596,0.57692308,0.1875,0.64705882,0.40654206,0.57142857,0.89393939,0.81609195,0.47663551,0.59803922,0.07476636,0.18925234,0.26401869,18.87692308
2025,Justyn-Henry Malloy,DET,73,29606,669234,Justyn-Henry Malloy,24,58,14,8,5,0,1,10,11,14,0,19,0,1,0,1,0,0,0.24137931,0.191780821,0.260273972,0.736842105,0.383561643,0.379310344,0.762871987,0.137931034,0.333333333,10.398802722343191,1.7732901000463817,0.3429744210961747,120.55527362573355,0.631578947,0.225,0.3,0.475,0.157894736,0.052631578,0.083333333,0,0.325,0.375,0.3,0.225,0.475,0.3,40,87.79249954223633,111.7,21.825,3,0.075,14,0.35,0.21154223893094679,0.37345720247911485,0.3287134132896588,105,70.65804101853143,0.0952381,7.004511238279797,0.26923077,0.2,0.11538462,0.08571429,40.54046015058245,14.036001096452985,2.1062621346187025,0.59047619,0.14906832,0.65100671,0.39032258,0.58333333,0.78350515,0.74380165,0.48064516,0.56164384,0.1,0.16774194,0.26774194,18.25738397
2025,Sal Frelick,MIL,265,29622,686217,Sal Frelick,57,233,72,51,12,0,9,43,37,21,0,36,4,5,1,0,7,4,0.309012875,0.079245283,0.135849056,0.583333333,0.368821292,0.476394849,0.845216141,0.167381974,0.32642487,42.30614906463845,10.994356668629477,0.36415484876233817,135.79753821285138,1.123287671,0.228855721,0.407960199,0.363184079,0.123287671,0.123287671,0.048780487,0.5,0.4137931,0.34482759,0.24137931,0.18226601,0.5862069,0.23152709,204,86.79405927185965,109.1,13.282178217821782,9,0.04411765,61,0.29901961,0.26051915599514885,0.36932237971576065,0.3134351472251698,392,68.73380154006335,0.05612245,7.23449092373556,0.35632184,0.31632653,0.08333333,0.07397959,27.471508069914215,9.31140551917559,2.8956451838722033,0.53316327,0.2504931,0.59594096,0.42897998,0.77952756,0.93498452,0.89111111,0.51668255,0.54716981,0.04671115,0.20019066,0.24690181,18.04498715
2025,Zach Neto,LAA,493,31347,687263,Zach Neto,110,447,114,66,26,1,21,75,54,31,4,133,12,3,0,3,21,8,0.255033557,0.062880324,0.269776876,0.233082706,0.318458417,0.458612975,0.777071392,0.203579418,0.314189189,65.95595475828264,7.704205130990485,0.33230266115172996,112.2765201130123,0.875968992,0.229299363,0.359872611,0.410828025,0.077519379,0.162790697,0.079646017,0,0.48580442,0.31230284,0.20189274,0.10725552,0.53943218,0.3533123,317,90.31369424321849,111.3,17.063694267515924,42,0.13249211,146,0.46056782,0.24192342500986794,0.4710697233288859,0.3339587374802694,815,71.3640966076061,0.13128834,7.05621852699233,0.35919056,0.26134969,0.1703204,0.12392638,38.945445567406026,18.000998474940932,-5.935956521291126,0.46993865,0.29719264,0.69550562,0.48153926,0.50814332,0.82552504,0.72030238,0.46281851,0.64300203,0.13468539,0.14716589,0.28185127,18.78691983
2025,Jordan Beck,COL,137,31431,687597,Jordan Beck,30,125,34,20,9,1,4,16,12,10,0,37,2,0,0,2,4,2,0.272,0.0729927,0.270072992,0.27027027,0.335766423,0.456,0.791766423,0.184,0.357142857,19.53291102320888,3.345305143008018,0.3431304005810814,106.987586422636,1.027777777,0.170454545,0.420454545,0.409090909,0.083333333,0.111111111,0.081081081,0,0.38636364,0.35227273,0.26136364,0.17045455,0.47727273,0.35227273,88,86.48749988729304,111,16.78409090909091,9,0.10227273,35,0.39772727,0.2282631322591295,0.39222141312465314,0.30151686701677083,231,73.59461687756823,0.37662338,7.700099633369611,0.23214286,0.16883117,0.10714286,0.07792208,32.16220817731056,9.606135988906349,-3.88917273886147,0.48917749,0.25,0.68055556,0.47627737,0.61538462,0.78061224,0.7394636,0.52554745,0.61313869,0.12408759,0.16970803,0.29379562,18.23471883
2025,Chase Meidroth,CHW,272,31580,805367,Chase Meidroth,61,246,57,48,7,0,2,32,7,24,0,37,2,0,0,6,10,1,0.231707317,0.088235294,0.136029411,0.648648648,0.305147058,0.284552845,0.589699903,0.052845528,0.265700483,22.463533725389645,-9.67536262070258,0.2692430878386778,69.75808850774852,1.79032258,0.16826923,0.533653846,0.298076923,0.14516129,0.032258064,0.063063063,0,0.40191388,0.31578947,0.28229665,0.1722488,0.5645933,0.26315789,209,88.24879232581686,107.1,7.841346153846154,4,0.01913876,76,0.36363636,0.24427758311349138,0.3248270319332844,0.28904946739579174,396,67.55482833554046,0.02020202,6.66829145677162,0.43465909,0.38636364,0.11931818,0.10606061,29.23754816585117,6.8764643706757616,1.2253137536622076,0.49747475,0.22263451,0.53703704,0.3874669,0.8,0.9153605,0.88382688,0.52427184,0.54411765,0.04501324,0.24801412,0.29302736,17.88940629
2025,Jackson Holliday,BAL,521,31781,702616,Jackson Holliday,113,470,111,78,18,2,13,58,41,47,1,110,4,0,0,2,15,7,0.236170212,0.090211132,0.211132437,0.427272727,0.310940499,0.365957446,0.676897945,0.129787234,0.282420749,55.806023442908305,-5.7541419847168775,0.2994520045243777,92.26946026220921,1.458333333,0.180555555,0.486111111,0.333333333,0.066666666,0.108333333,0.062857142,0,0.38333333,0.375,0.24166667,0.15,0.55555556,0.29444444,360,88.49636871721492,109.2,8.788300835654596,28,0.07777778,145,0.40277778,0.2381759627702801,0.39702109674128117,0.3105828477744359,805,70.62763316942298,0.11180124,6.942329587995636,0.35,0.26956522,0.14516129,0.11180124,31.919419999448408,8.709366135123354,-4.755038465698314,0.54285714,0.2248062,0.68666667,0.47311828,0.56157635,0.83911234,0.77813853,0.53763441,0.61804223,0.10496672,0.15719406,0.26216078,17.76200418
2025,Roman Anthony,BOS,132,31812,701350,Roman Anthony,31,110,37,25,5,1,6,26,17,19,0,34,2,1,0,1,2,1,0.336363636,0.143939393,0.257575757,0.558823529,0.439393939,0.563636363,1.003030302,0.227272727,0.436619718,28.090615645783437,12.493798301356328,0.4296327739050894,176.30565045802135,1.285714285,0.168831168,0.467532467,0.363636363,0.035714285,0.214285714,0.027777777,0,0.45454545,0.44155844,0.1038961,0.06493506,0.49350649,0.44155844,77,96.2727271241027,113.7,10.948051948051948,17,0.22077922,53,0.68831169,0.28020271975547073,0.5731520473703064,0.41644434327485436,184,76.03229904174805,0.59782609,7.601158061753148,0.38405797,0.28804348,0.25362319,0.19021739,30.795003745866858,12.555676834981726,5.014617636840304,0.57608696,0.19078947,0.57195572,0.37043478,0.44827586,0.84516129,0.7370892,0.47130435,0.53030303,0.0973913,0.20521739,0.3026087,18.54318182
2025,Chandler Simpson,TBR,300,31912,802415,Chandler Simpson,68,284,78,63,13,2,0,39,17,12,0,27,0,1,2,9,22,5,0.274647887,0.04,0.09,0.444444444,0.303030303,0.334507042,0.637537345,0.059859155,0.302325581,27.538107502316794,-7.909204644108453,0.2805832959586121,76.94490524140274,4.105263157,0.220883534,0.626506024,0.152610441,0.052631578,0,0.07051282,0.363636363,0.26538462,0.45769231,0.27692308,0.17692308,0.68846154,0.13461538,261,84.654838731212,107.6,-0.7831325301204819,0,0,43,0.16475096,0.28997173109100044,0.32955123689938864,0.2909356895889269,430,64.09797634745753,0.00465116,6.299527964481087,0.4140625,0.36976744,0.01822917,0.01627907,30.530417200576426,3.253813950136997,-7.79105512309213,0.37209302,0.29342723,0.63192182,0.49326923,0.808,0.94072165,0.90838207,0.59038462,0.62,0.04519231,0.19326923,0.23846154,19.27717391
2025,Jacob Wilson,ATH,90,33266,805779,Jacob Wilson,20,80,25,16,5,0,4,11,11,8,1,6,1,0,1,2,1,0,0.3125,0.088888888,0.066666666,1.333333333,0.382022471,0.525,0.907022471,0.2125,0.3,16.06599801825636,5.431804374328785,0.3873906284570694,148.58327373162908,1.5,0.178082191,0.493150684,0.328767123,0,0.166666666,0.083333333,0.5,0.4,0.32,0.28,0.13333333,0.64,0.22666667,75,85.15068519278748,105.2,10.780821917808218,3,0.04,15,0.2,0.23927050004713238,0.34969658626941963,0.29331486425574194,133,64.05416399733464,0.0075188,6.0876604919146775,0.41463415,0.38345865,0.04065041,0.03759398,36.0754375314354,2.6298092092786516,-0.5527742379730133,0.36842105,0.32653061,0.70063694,0.51973684,0.875,0.94545455,0.92405063,0.51644737,0.68888889,0.03947368,0.15789474,0.19736842,18.77674419
2025,Jung Hoo Lee,SFG,91,33824,808982,Jung Hoo Lee,19,78,17,10,3,3,1,12,4,13,0,9,0,0,0,0,0,0,0.217948717,0.142857142,0.098901098,1.444444444,0.329670329,0.371794871,0.7014652,0.153846154,0.235294117,10.648423150484724,-0.10392820059760038,0.3116484454699925,101.46771051231642,1.5,0.20289855,0.478260869,0.318840579,0.09090909,0.045454545,0.06060606,0,0.46376812,0.26086957,0.27536232,0.1884058,0.47826087,0.33333333,69,86.68985516092052,104.8,10.014492753623188,3,0.04347826,31,0.44927536,0.28773355561619,0.3994247398386972,0.3483599558990035,124,68.95886098184893,0.02419355,7.489572367360515,0.36607143,0.33064516,0.15178571,0.13709677,39.53883315670875,5.338321562495924,6.279471848760882,0.39516129,0.19642857,0.64204545,0.4244186,0.81818182,0.96460177,0.93150685,0.51162791,0.54945055,0.02906977,0.18895349,0.21802326,17.90118577
2025,Nick Kurtz,ATH,80,35110,701762,Nick Kurtz,18,62,15,9,4,0,2,15,4,18,2,26,0,0,0,0,0,0,0.241935483,0.225,0.325,0.692307692,0.4125,0.403225806,0.815725806,0.161290323,0.382352941,12.508478635403177,3.0558620630231106,0.3601028193265964,129.7857232290309,1.8,0.222222222,0.5,0.277777777,0,0.2,0,0,0.41666667,0.36111111,0.22222222,0.05555556,0.58333333,0.36111111,36,91.36571437290736,113.3,8.942857142857143,2,0.05555556,17,0.47222222,0.21226201841577155,0.3567536815878798,0.33488193434941305,117,76.69718704875717,0.68376068,7.6721086542830506,0.21917808,0.13675214,0.10958904,0.06837607,39.73648592957065,14.767203685564873,-5.655266945433413,0.57264957,0.19653179,0.67114094,0.41614907,0.47058824,0.66,0.6119403,0.46273292,0.575,0.16149068,0.1552795,0.31677019,17.80578512
2026,Jose Altuve,HOU,149,5417,514888,Jose Altuve,33,132,35,20,7,1,7,29,13,15,0,31,1,1,0,2,1,2,0.265151515,0.10067114,0.208053691,0.483870967,0.342281879,0.492424242,0.834706121,0.227272727,0.294736842,22.98342258762291,5.365741583515913,0.36083267239116185,133.5709637906827,1.4375,0.227722772,0.455445544,0.316831683,0.15625,0.21875,0.108695652,0,0.5,0.3627451,0.1372549,0.16666667,0.51960784,0.31372549,102,86.90404071229877,107.3,9.626262626262626,6,0.05882353,35,0.34313725,0.22917692344277524,0.36110769158873995,0.3008184546357667,227,67.94899349800815,0.06167401,7.581643549881318,0.36931818,0.28634361,0.10227273,0.07929515,28.223152715204044,13.706151100966899,-0.31114912400686795,0.5154185,0.37261146,0.62195122,0.48214286,0.65811966,0.8627451,0.77407407,0.43928571,0.62416107,0.10892857,0.16964286,0.27857143,19.90686275
2026,Paul Goldschmidt,NYY,126,9218,502671,Paul Goldschmidt,30,110,30,18,4,1,7,15,16,15,0,28,1,0,0,2,0,0,0.272727272,0.119047619,0.222222222,0.535714285,0.365079365,0.518181818,0.883261183,0.245454546,0.306666666,21.645040815386736,6.74686761728283,0.38254662780534654,149.25729309459956,1.464285714,0.158536585,0.5,0.341463414,0.071428571,0.25,0.097560975,0,0.37804878,0.30487805,0.31707317,0.14634146,0.53658537,0.31707317,82,87.04999956270544,109.8,11.073170731707316,9,0.1097561,31,0.37804878,0.2370636368837123,0.42599090907447545,0.3348993060090357,219,71.71394173957441,0.17351598,7.563637252267637,0.29447853,0.21917808,0.11656442,0.08675799,32.73505430352198,11.41438195020913,3.058940848497223,0.51141553,0.29010239,0.64285714,0.44821092,0.72941176,0.78431373,0.76470588,0.44821092,0.61904762,0.10546139,0.18079096,0.28625235,18.31851852
2026,Christian Yelich,MIL,211,11477,592885,Christian Yelich,44,183,43,27,13,1,2,27,21,23,1,56,3,2,0,2,6,1,0.234972677,0.109004739,0.265402843,0.410714285,0.327014218,0.349726775,0.676740993,0.114754098,0.322834645,22.710910603098636,-2.2376175302340915,0.3031060814857483,90.40582170972867,1.861111111,0.1953125,0.5234375,0.28125,0,0.055555555,0.029850746,0,0.29457364,0.42635659,0.27906977,0.12403101,0.44186047,0.43410853,129,89.80787370336337,109.1,3.5511811023622046,12,0.09302326,61,0.47286822,0.2339780224189111,0.3665769239727684,0.31198592053761964,313,73.38140893515687,0.32907348,7.632716389128956,0.3,0.21086262,0.14090909,0.09904153,37.08446402138414,11.573867134535655,-7.539892693011525,0.45367412,0.21085595,0.66433566,0.42511013,0.46534653,0.81754386,0.7253886,0.47246696,0.52132701,0.11674009,0.15859031,0.2753304,18.40086207
2026,Joc Pederson,TEX,246,11899,592626,Joc Pederson,63,218,58,28,8,2,20,36,37,25,1,55,2,0,0,4,2,0,0.266055045,0.101626016,0.223577235,0.454545454,0.346938775,0.596330275,0.94326905,0.33027523,0.265734265,45.56083157457889,16.47392199732841,0.39916574270998845,161.1145628252021,1.129032258,0.190184049,0.429447852,0.380368098,0.112903225,0.322580645,0.028571428,0,0.44785276,0.34969325,0.20245399,0.11656442,0.42331288,0.4601227,164,92.43067482790333,109.6,15.190184049079754,22,0.13414634,83,0.50609756,0.26600917485444336,0.5070183500893192,0.3669456696313363,419,71.94087270222302,0.20047733,7.4573833003533485,0.37254902,0.27207637,0.19934641,0.14558473,28.310796268799994,9.954013546995446,3.3616020006698895,0.56563246,0.32068311,0.64150943,0.47310757,0.5443787,0.84640523,0.73894737,0.4750996,0.58870968,0.12350598,0.16533865,0.28884462,18.99734396
2026,George Springer,TOR,276,12856,543807,George Springer,62,241,53,33,11,1,8,29,20,28,0,56,3,1,0,6,6,2,0.219917012,0.101449275,0.20289855,0.5,0.307692307,0.373443983,0.68113629,0.153526971,0.252808988,29.8757218623532,-2.758371809683928,0.3038623560042608,93.91965876783824,1.078947368,0.150537634,0.440860215,0.40860215,0.092105263,0.105263157,0.097560975,0,0.44623656,0.33333333,0.22043011,0.14516129,0.46774194,0.38709677,189,88.22139034169243,109.2,13.518716577540108,14,0.07407407,71,0.37566138,0.21897510405633738,0.362800828926072,0.299208568161756,464,72.70313376393811,0.29094828,7.447378302442616,0.28065395,0.22198276,0.1226158,0.09698276,33.64244070135314,9.759502125711277,-0.22138760413910294,0.55603448,0.25,0.73084112,0.48154815,0.53472222,0.87723785,0.78504673,0.48154815,0.60144928,0.10351035,0.14131413,0.24482448,19.90767386
2026,Francisco Lindor,NYM,120,12916,596019,Francisco Lindor,26,107,21,15,2,2,2,15,5,11,0,26,2,0,0,1,2,1,0.196261682,0.091666666,0.216666666,0.423076923,0.283333333,0.308411214,0.591744547,0.112149532,0.240506329,9.621480364216067,-4.567256014930509,0.26910695284605024,70.12719675782505,1.0625,0.185185185,0.419753086,0.395061728,0.0625,0.0625,0.058823529,0,0.44444444,0.25925926,0.2962963,0.20987654,0.50617284,0.28395062,81,89.57160525851779,111.3,15.148148148148149,6,0.07407407,34,0.41975309,0.23802803767079087,0.3818504718201949,0.3126861056894995,209,72.41356618780839,0.215311,7.541078086104689,0.2721519,0.20574163,0.13924051,0.10526316,33.74964694885546,12.866964925561795,0.3530639880581906,0.56937799,0.27112676,0.65531915,0.44508671,0.61038961,0.87012987,0.78354978,0.45279383,0.50833333,0.09633911,0.15799615,0.25433526,18.71717172
2026,Brandon Nimmo,TEX,173,12927,607043,Brandon Nimmo,39,152,42,30,7,1,4,17,12,17,1,33,3,1,0,3,1,1,0.276315789,0.098265895,0.190751445,0.515151515,0.358381502,0.414473684,0.772855186,0.138157895,0.327586206,23.9269844567752,3.471556176838887,0.3410876483418221,120.66285676029476,1.325,0.225,0.441666666,0.333333333,0.05,0.1,0.094339622,0,0.275,0.45,0.275,0.16666667,0.40833333,0.425,120,91.75083367029826,109,10.383333333333333,11,0.09166667,62,0.51666667,0.2994539469877246,0.48120394822341805,0.3751173004356408,295,72.04527784444518,0.25762712,6.959904685262907,0.36563877,0.28135593,0.18061674,0.13898305,29.502929862070893,6.181709855618113,-2.516507235421973,0.48474576,0.28571429,0.68390805,0.49039882,0.63829787,0.8907563,0.81927711,0.5140325,0.58381503,0.08862629,0.14771049,0.23633678,19.35841584
2026,Ketel Marte,ARI,396,13613,606466,Ketel Marte,88,362,95,56,20,2,17,53,56,28,1,60,2,4,0,3,4,0,0.262430939,0.07070707,0.151515151,0.466666666,0.315656565,0.469613259,0.785269824,0.20718232,0.269896193,53.682883088684115,6.860053037500416,0.33769037557553644,111.87149292146978,1.077586206,0.207236842,0.41118421,0.381578947,0.060344827,0.146551724,0.032,1,0.52941176,0.30718954,0.16339869,0.14052288,0.45751634,0.40196078,306,91.13255818262449,116.9,12.87375415282392,33,0.10784314,137,0.44771242,0.29527019530607385,0.4995543165612333,0.3656139911249831,627,74.76444338079085,0.45773525,7.7425736514004795,0.34194831,0.27432217,0.20477137,0.16427432,31.616697819419265,9.286179532344487,3.8843415794322977,0.59330144,0.31710526,0.6860119,0.49022346,0.63070539,0.89154013,0.8019943,0.46927374,0.56565657,0.09706704,0.15153631,0.24860335,18.73858115
2026,Byron Buxton,MIN,220,14161,621439,Byron Buxton,48,201,55,27,9,0,19,40,28,17,1,58,2,0,0,1,5,0,0.27363184,0.077272727,0.263636363,0.293103448,0.336363636,0.601990049,0.938353685,0.328358209,0.29032258,40.361896714442565,14.349213352673843,0.39700675827183135,157.41011974955555,0.531645569,0.153846153,0.293706293,0.552447552,0.126582278,0.240506329,0.119047619,0,0.53146853,0.30769231,0.16083916,0.1958042,0.40559441,0.3986014,143,90.2937063470587,111.9,21.524475524475523,29,0.2027972,67,0.46853147,0.24672636876765416,0.5225572146096531,0.3541258814251348,376,74.05556053810932,0.3962766,7.9684149090279925,0.29562044,0.21542553,0.16058394,0.11702128,34.30707277135646,14.299036896212938,-8.5679956182461,0.60106383,0.36363636,0.72849462,0.53078818,0.45,0.8597786,0.70765661,0.45812808,0.62272727,0.15517241,0.12561576,0.28078818,19.01020408
2026,Carlos Correa,HOU,63,14162,621043,Carlos Correa,14,52,15,10,3,0,2,8,7,10,0,13,0,1,0,2,0,0,0.288461538,0.158730158,0.206349206,0.769230769,0.396825396,0.461538461,0.858363857,0.173076923,0.342105263,10.546707244461176,3.0976206454092234,0.37712523861536906,144.91882406596596,1.384615384,0.225,0.45,0.325,0.076923076,0.153846153,0,0,0.4,0.3,0.3,0.225,0.5,0.275,40,87.85500040054322,109.9,7.325,4,0.1,16,0.4,0.2855769204817569,0.45226923171251726,0.3710868188239161,93,73.4499366103962,0.43010753,7.221051400707614,0.26760563,0.20430108,0.16901408,0.12903226,35.74171136015205,6.327210063575416,-0.6980215496914361,0.4516129,0.32,0.57272727,0.42692308,0.66666667,0.87301587,0.78378378,0.42307692,0.58730159,0.09230769,0.18461538,0.27692308,18.82323232
2026,J.P. Crawford,SEA,250,15491,641487,J.P. Crawford,56,210,50,33,8,0,9,29,22,35,0,51,4,1,0,1,1,1,0.238095238,0.14,0.204,0.686274509,0.356,0.404761904,0.760761904,0.166666666,0.271523178,34.54947729819838,4.9896098416430155,0.3409534637928009,125.78393956571871,1.442307692,0.201257861,0.471698113,0.327044025,0.192307692,0.173076923,0.04,1,0.4,0.3375,0.2625,0.1375,0.5375,0.325,160,88.48364773636344,107.6,12.257861635220126,10,0.0625,59,0.36875,0.2493476198354204,0.3641142856473813,0.3312043048739433,368,71.60529675691023,0.20108696,7.393510370150857,0.34653465,0.28532609,0.12211221,0.10054348,33.55798546645952,7.132208880487546,1.9000045082977284,0.4701087,0.20190476,0.56877323,0.38758231,0.74528302,0.87908497,0.84466019,0.50611477,0.568,0.06020696,0.20225776,0.26246472,18.0135635
2026,Willy Adames,SFG,139,15986,642715,Willy Adames,31,131,29,10,13,1,5,20,10,7,0,39,0,1,0,1,0,1,0.221374045,0.050359712,0.280575539,0.179487179,0.258992805,0.450381679,0.709374484,0.229007634,0.272727272,14.873529932370714,-1.5617563734740707,0.30232490009541135,91.49526092532331,0.58,0.150537634,0.311827956,0.537634408,0.12,0.1,0.068965517,0,0.44086022,0.33333333,0.22580645,0.21505376,0.39784946,0.38709677,93,88.59247326594527,108.1,24.795698924731184,9,0.09677419,41,0.44086022,0.1985801532482444,0.3671755734591155,0.26639948735053803,218,72.79975509643555,0.27981651,8.123820293933973,0.30409357,0.23853211,0.15204678,0.11926606,33.932868003845215,15.177391074119358,-2.738495307504584,0.64220183,0.27586207,0.64044944,0.45062837,0.5,0.89473684,0.7689243,0.47935368,0.5971223,0.10412926,0.18312388,0.28725314,18.59134615
2026,Trea Turner,PHI,403,16252,607208,Trea Turner,90,374,96,65,16,1,14,66,38,25,0,87,2,2,0,6,11,2,0.256684491,0.062034739,0.215880893,0.287356321,0.305210918,0.417112299,0.722323217,0.160427808,0.298181818,47.46111110462569,-0.1893952353415659,0.3156563743172449,96.48868511146858,1.310679611,0.176470588,0.467128027,0.356401384,0.058252427,0.13592233,0.066666666,0,0.33564014,0.41176471,0.25259516,0.12110727,0.51211073,0.36678201,289,89.49278345140804,110.1,10.371134020618557,20,0.06920415,125,0.43252595,0.25922872284315823,0.38886702176557475,0.30764294074687326,699,71.78491729387056,0.20457797,7.641164515663114,0.36037736,0.2732475,0.13584906,0.10300429,25.671650162070605,8.815479075373583,-4.995106368979841,0.64520744,0.34002509,0.69571046,0.51198963,0.53874539,0.85934489,0.74936709,0.48347375,0.63523573,0.12832145,0.14581983,0.27414128,18.85853227
2026,Kyle Schwarber,PHI,181,16478,656941,Kyle Schwarber,39,152,37,25,3,0,9,18,20,25,6,57,1,2,0,1,2,0,0.243421052,0.138121546,0.314917127,0.438596491,0.35,0.440789473,0.790789473,0.197368421,0.318181818,24.289142958696385,2.8877989201503023,0.3359955038832522,110.1192430695088,0.894736842,0.257731958,0.350515463,0.391752577,0.131578947,0.236842105,0.058823529,0,0.57731959,0.27835052,0.1443299,0.12371134,0.49484536,0.3814433,98,91.30416679382324,110.1,17.541666666666668,13,0.13265306,48,0.48979592,0.2476556291934781,0.4699602632649206,0.34664682363768273,306,77.0704365898581,0.74183007,7.546775753981148,0.22641509,0.15686275,0.1509434,0.10457516,29.879081165089328,15.2727958028223,10.904943408821923,0.63398693,0.27638191,0.6945245,0.47114094,0.44545455,0.82157676,0.7037037,0.46577181,0.60540541,0.13959732,0.13959732,0.27919463,19.33568905
2026,Mauricio Dubón,ATL,62,16530,643289,Mauricio Dubon,14,57,14,7,4,0,3,6,9,5,0,7,0,0,0,2,0,1,0.245614035,0.080645161,0.112903225,0.714285714,0.306451612,0.47368421,0.780135822,0.228070175,0.234042553,8.384719009850988,1.0538718806252574,0.33728738273343734,112.1066564536792,1.470588235,0.16,0.5,0.34,0.117647058,0.176470588,0,0,0.4,0.44,0.16,0.16,0.44,0.4,50,88.50400062561035,108.3,9.5,2,0.04,20,0.4,0.2861754390443757,0.44199999688977476,0.3437295949101568,106,69.51065211026173,0.05660377,7.609062532209,0.31958763,0.29245283,0.07216495,0.06603774,31.163922831697285,4.7391271610867305,0.3891465405248246,0.43396226,0.34328358,0.66972477,0.48971193,0.7173913,0.98630137,0.88235294,0.44855967,0.56451613,0.05761317,0.16460905,0.22222222,18.85635359
2026,Yandy Díaz,TBR,416,16578,650490,Yandy Diaz,91,370,115,85,17,1,12,58,54,33,2,63,8,5,0,8,3,1,0.31081081,0.079326923,0.151442307,0.523809523,0.375,0.459459459,0.834459459,0.148648649,0.343333333,65.25609567474436,16.068476227036225,0.3640702302041261,134.3432157854019,1.514851485,0.185897435,0.490384615,0.323717948,0.138613861,0.118811881,0.071895424,0,0.26282051,0.42948718,0.30769231,0.17948718,0.39423077,0.42628205,312,91.24032249450684,113,6.836012861736334,20,0.06410256,154,0.49358974,0.28075543473064696,0.4304347835511536,0.3467500571868498,669,73.77420987640974,0.40059791,7.5885849105937595,0.33965517,0.29446936,0.19827586,0.17189836,23.96636476217364,1.3862522795339782,7.322870530653049,0.2690583,0.30123457,0.66448231,0.47743166,0.81557377,0.89546351,0.86950732,0.48506039,0.62232779,0.06230134,0.17800381,0.24030515,18.73547268
2026,Lane Thomas,KCR,67,16939,657041,Lane Thomas,14,61,16,10,1,0,5,10,11,5,0,13,1,0,0,0,1,0,0.262295081,0.074626865,0.19402985,0.384615384,0.328358208,0.524590163,0.852948371,0.262295082,0.255813953,10.69829134501146,2.776246866654622,0.3675504006556611,134.59583558611018,2.25,0.1875,0.5625,0.25,0.166666666,0.416666666,0.074074074,0,0.54166667,0.35416667,0.10416667,0.125,0.375,0.5,48,90.98958317438762,107.4,8.5,4,0.08333333,27,0.5625,0.2917377059882293,0.4683114739715076,0.35889317768056,100,72.71300071716308,0.26,6.913735485076904,0.43037975,0.34,0.24050633,0.19,26.427649545669556,9.557868943214416,-4.334108487814665,0.64,0.18120805,0.63235294,0.39649123,0.51851852,0.88372093,0.79646018,0.47719298,0.59701493,0.08070175,0.19298246,0.27368421,18.62385321
2026,Gleyber Torres,DET,104,16997,650402,Gleyber Torres,22,90,26,17,7,0,2,17,12,13,1,16,1,0,0,0,0,0,0.288888888,0.125,0.153846153,0.8125,0.384615384,0.433333333,0.817948717,0.144444445,0.333333333,16.03446086617189,3.7375560042448597,0.3607414694665705,132.66707376249593,1,0.189189189,0.405405405,0.405405405,0.1,0.066666666,0.033333333,0,0.31081081,0.39189189,0.2972973,0.17567568,0.39189189,0.43243243,74,88.5513517018911,106.9,11.797297297297296,7,0.09459459,33,0.44594595,0.26661111198158727,0.45775555316358807,0.3572560352300411,166,68.60745321986187,0.07831325,7.004232515771705,0.41791045,0.3373494,0.1119403,0.09036145,35.1682555531881,7.881535010165479,6.016318707581026,0.47590361,0.18483412,0.68137255,0.42891566,0.51282051,0.87769784,0.79775281,0.49156627,0.54807692,0.08674699,0.16626506,0.25301205,18.41935484
2026,Ramón Laureano,SDP,106,17128,657656,Ramon Laureano,23,94,21,13,3,2,3,13,14,9,0,34,1,2,0,1,3,0,0.223404255,0.08490566,0.320754716,0.264705882,0.29245283,0.393617021,0.686069851,0.170212766,0.305084745,11.062753472461608,-1.4706303291178677,0.29905792283561994,90.62997657134393,1.391304347,0.112903225,0.516129032,0.370967741,0.086956521,0.130434782,0.09375,0,0.38709677,0.40322581,0.20967742,0.19354839,0.41935484,0.38709677,62,87.8258066485005,107.3,6.370967741935484,9,0.14516129,28,0.4516129,0.22286170227651267,0.40738297839391424,0.3057210445579774,178,72.24310060565391,0.23595506,7.097044976909509,0.2519685,0.17977528,0.14173228,0.1011236,32.87633740500118,14.234971574852976,-1.194323862410998,0.48314607,0.32272727,0.73113208,0.52314815,0.50704225,0.81290323,0.71681416,0.49074074,0.58490566,0.14814815,0.12268519,0.27083333,18.73831776
2026,Willi Castro,COL,79,17338,650489,Willi Castro,18,72,24,20,2,0,2,12,8,7,0,21,0,0,0,0,2,1,0.333333333,0.088607594,0.265822784,0.333333333,0.392405063,0.444444444,0.836849507,0.111111111,0.448979591,12.828537942455123,3.4876198261836255,0.3709069739414167,121.6627247357444,0.809523809,0.25490196,0.333333333,0.411764705,0.285714285,0.095238095,0.235294117,0,0.56862745,0.23529412,0.19607843,0.23529412,0.50980392,0.25490196,51,82.74791701634724,111.4,26.041666666666668,2,0.03921569,13,0.25490196,0.23240579646148218,0.3141159422432437,0.27927011635620147,133,73.84634909952493,0.35338346,7.409737687361868,0.16504854,0.12781955,0.04854369,0.03759398,35.23526537328735,7.706396031200438,-2.102460509852359,0.43609023,0.38095238,0.69230769,0.51506024,0.65277778,0.8989899,0.79532164,0.43072289,0.53164557,0.10542169,0.13253012,0.23795181,18.42745098
2026,Taylor Ward,2 Tms,331,17548,621493,Taylor Ward,72,283,67,50,11,1,5,35,21,43,1,69,3,2,0,7,2,1,0.236749116,0.129909365,0.208459214,0.623188405,0.341389728,0.335689045,0.677078773,0.098939929,0.293838862,36.99331800058701,-2.1439465118922927,0.30818021586447053,98.21472534497558,0.930232558,0.231481481,0.37037037,0.398148148,0.104651162,0.058139534,0.0875,0,0.31944444,0.38888889,0.29166667,0.14814815,0.51851852,0.33333333,216,88.77962983096087,108.2,14.481481481481481,11,0.05092593,86,0.39814815,0.25465371056135694,0.39048409780245535,0.3337181732058525,428,68.74072861894268,0.03738318,6.939310544005064,0.41853933,0.34813084,0.13202247,0.10981308,31.21812653764386,6.563463692971131,-0.703881655845826,0.46962617,0.15748031,0.58982036,0.3791251,0.59,0.89086294,0.82995951,0.51266309,0.60422961,0.06446662,0.21795856,0.28242517,18.37125129
2026,Andrew Benintendi,CHW,54,17901,643217,Andrew Benintendi,12,51,13,6,4,1,2,9,12,1,0,14,0,2,0,2,0,0,0.25490196,0.018518518,0.259259259,0.071428571,0.259259259,0.490196078,0.749455337,0.235294118,0.297297297,6.142428993562131,-0.2425023770538285,0.31067727340592277,97.79055571172712,0.55,0.184210526,0.289473684,0.526315789,0.1,0.1,0,1,0.48717949,0.38461538,0.12820513,0.1025641,0.48717949,0.41025641,39,90.58947342320492,104.7,21.026315789473685,5,0.12820513,23,0.58974359,0.25417647059486415,0.49639215893523003,0.3126230904729002,94,69.90705928396672,0.06382979,7.144087431278635,0.4,0.29787234,0.18571429,0.13829787,30.984986041454558,18.573145638120934,8.133198629351373,0.4787234,0.32075472,0.74193548,0.51758794,0.58823529,0.82608696,0.74757282,0.46733668,0.51851852,0.13065327,0.12562814,0.25628141,18.95172414
2026,Nathan Lukes,TOR,105,18123,664770,Nathan Lukes,26,101,30,21,7,0,2,9,11,2,0,14,1,0,1,3,1,1,0.297029702,0.019047619,0.133333333,0.142857142,0.317307692,0.425742574,0.743050266,0.128712872,0.329411764,13.106977502832327,0.691833171079073,0.32439755591062397,108.22253629220187,2.45,0.197674418,0.569767441,0.232558139,0.05,0.1,0.020408163,0,0.43181818,0.36363636,0.20454545,0.13636364,0.61363636,0.25,88,87.52209312971249,107.5,5.662790697674419,2,0.02272727,28,0.31818182,0.2835346537568413,0.36473267384352953,0.2931721361237578,173,67.293986634712,0.04624277,6.500714875370091,0.4,0.33526012,0.08965517,0.07514451,30.401932143062524,7.7082993736156835,-6.334938036224057,0.53757225,0.39795918,0.64864865,0.51968504,0.79487179,0.88333333,0.84848485,0.4855643,0.7047619,0.07874016,0.15485564,0.2335958,20.35272727
2026,Ronald Acuña Jr.,ATL,276,18401,660670,Ronald Acuna Jr.,62,231,57,37,11,1,8,36,25,38,2,60,5,2,0,1,15,8,0.246753246,0.137681159,0.217391304,0.633333333,0.36231884,0.406926406,0.769245246,0.16017316,0.296969696,38.25002167773803,5.615928005700907,0.34143532975746765,114.88646235119502,1.153846153,0.190751445,0.433526011,0.375722543,0.169230769,0.123076923,0.066666666,0,0.3699422,0.32369942,0.30635838,0.19075145,0.43352601,0.37572254,173,89.05549156321267,113.3,15.479768786127167,21,0.12138728,73,0.42196532,0.24846753274953373,0.46904328821561586,0.36574938382110456,456,75.96715090567605,0.60526316,7.624823030672576,0.27514793,0.20394737,0.16863905,0.125,37.73655040222302,11.329310370609164,4.521818570506743,0.51973684,0.25750395,0.73695198,0.46402878,0.60122699,0.80169972,0.73837209,0.4307554,0.61594203,0.12140288,0.1205036,0.24190647,18.66906475
2026,Trent Grisham,NYY,339,18564,663757,Trent Grisham,77,291,60,32,14,1,13,42,36,44,0,57,0,3,0,4,3,2,0.206185567,0.12979351,0.168141592,0.771929824,0.307692307,0.395189003,0.70288131,0.189003436,0.209821428,38.61545800971001,-1.4677222613790684,0.3108769175568981,99.33895324086642,0.833333333,0.164556962,0.379746835,0.455696202,0.092592592,0.12037037,0.022222222,0,0.48945148,0.35443038,0.15611814,0.11392405,0.4978903,0.38818565,238,91.863135677273,111.6,17.042194092827003,25,0.10504202,118,0.49579832,0.2619448274731283,0.45958620649802595,0.3563070234826017,493,70.77627560381474,0.09330629,7.356952896466361,0.41527446,0.35294118,0.19809069,0.168357,28.223054847175643,13.513215177683028,1.253789476672486,0.63286004,0.18328446,0.60688666,0.39738941,0.624,0.89125296,0.83029197,0.50543872,0.60471976,0.06744017,0.1870921,0.25453227,20.08268482
2026,Luis Arraez,SFG,135,18568,650333,Luis Arraez,31,125,34,24,6,2,2,13,14,7,0,6,1,1,1,3,3,0,0.272,0.051851851,0.044444444,1.166666666,0.313432835,0.4,0.713432835,0.128,0.27118644,15.51450377762028,-0.44782464891961793,0.31213053349238723,98.06664609198026,0.857142857,0.241666666,0.35,0.408333333,0.081632653,0.040816326,0.047619047,0,0.27272727,0.41322314,0.31404959,0.08264463,0.61983471,0.29752066,121,87.09250008265177,104.4,17.816666666666666,2,0.01652893,20,0.16528926,0.27138399954047054,0.37402400267776104,0.3037696777036719,224,63.327428868838716,0,5.884995673383985,0.4549763,0.42857143,0.01895735,0.01785714,37.48979731968471,9.605957162699529,-1.1640010023090457,0.44196429,0.33203125,0.63909774,0.48850575,0.95294118,0.95294118,0.95294118,0.50957854,0.56296296,0.02298851,0.18007663,0.20306513,18.22020725
2026,TJ Friedl,CIN,155,19522,670770,TJ Friedl,35,137,26,18,6,0,2,14,7,12,0,35,3,0,3,1,5,0,0.189781021,0.077419354,0.225806451,0.342857142,0.269736842,0.277372262,0.547109104,0.087591241,0.24,10.23575337602851,-8.091364447035817,0.2515946430595298,50.33864328863835,1.105263157,0.175257731,0.43298969,0.391752577,0.105263157,0.052631578,0.023809523,0.375,0.39047619,0.36190476,0.24761905,0.14285714,0.67619048,0.18095238,105,87.90978234747182,106.4,16.380434782608695,3,0.02857143,32,0.3047619,0.20345454551561765,0.27756060709979274,0.25851420280808696,212,70.85319061999051,0.11320755,6.808630848830601,0.36809816,0.28301887,0.10429448,0.08018868,28.378942332177793,9.671639110190126,5.637360589403026,0.64150943,0.26779661,0.60416667,0.43396226,0.48101266,0.8908046,0.76284585,0.49399657,0.6516129,0.10291595,0.18524871,0.28816467,18.70794393
2026,Otto Lopez,MIA,93,19608,672640,Otto Lopez,20,81,22,16,3,1,2,11,11,7,0,11,0,5,0,0,5,1,0.271604938,0.075268817,0.118279569,0.636363636,0.311827956,0.407407407,0.719235363,0.135802469,0.273972602,10.341640707043435,-0.6546299867951617,0.3075217040636206,91.30235077237107,1.708333333,0.121621621,0.554054054,0.324324324,0.041666666,0.083333333,0.073170731,1,0.29333333,0.4,0.30666667,0.13333333,0.54666667,0.32,75,88.51095936396351,106.2,8.108108108108109,5,0.06666667,28,0.37333333,0.2622125004694681,0.3807750000312808,0.31321226914777706,135,70.9289966724537,0.18518519,6.630428162327519,0.41880342,0.36296296,0.16239316,0.14074074,30.828923317238136,2.5263456728723312,0.35251482942452034,0.38518519,0.28787879,0.58659218,0.42970822,0.68421053,0.92380952,0.83950617,0.47480106,0.55102041,0.06896552,0.19893899,0.26790451,18.86594203
2026,Fernando Tatis Jr.,SDP,400,19709,665487,Fernando Tatis Jr.,88,360,110,69,23,1,17,61,53,34,3,63,4,2,0,7,17,8,0.305555555,0.085,0.1575,0.539682539,0.37,0.516666666,0.886666666,0.211111111,0.329787234,68.32397524380042,21.02818731331183,0.3813378944505072,145.77107384607774,1.479591836,0.181818181,0.488215488,0.329966329,0.081632653,0.173469387,0.103448275,1,0.42474916,0.34782609,0.22742475,0.14046823,0.4548495,0.40468227,299,92.91279471040976,115.7,5.8552188552188555,39,0.13043478,159,0.53177258,0.3065777777888191,0.5256138897630283,0.3884067715823613,540,76.87855750189887,0.69074074,7.328989002439711,0.37995338,0.30185185,0.24941725,0.19814815,28.926127801118074,7.9909848615527155,1.2559646532594881,0.62592593,0.24623803,0.66191155,0.44972067,0.48333333,0.8987069,0.7826087,0.48952514,0.61975309,0.09776536,0.15921788,0.25698324,18.93398058
2026,Shohei Ohtani,LAD,553,19755,660271,Shohei Ohtani,120,465,134,77,24,3,30,85,80,76,16,129,5,5,0,8,9,3,0.288172043,0.137432188,0.233273056,0.589147286,0.390199637,0.546236559,0.936436196,0.258064516,0.334405144,99.93300124168054,34.546574427780065,0.3935982623947001,150.80886146132272,1.107692307,0.196480938,0.42228739,0.381231671,0.038461538,0.23076923,0.090277777,0,0.48680352,0.29912023,0.21407625,0.09090909,0.4457478,0.46334311,343,93.49171609144945,114.6,12.483775811209439,56,0.16326531,179,0.52186589,0.2930367969851376,0.5738225098380827,0.4074640202518076,879,74.71659990816258,0.49715586,7.886355837321797,0.37216828,0.26166098,0.21035599,0.14789534,37.77207859764056,13.368182286365855,-0.5509409671893027,0.50739477,0.3015873,0.65975104,0.46615825,0.55263158,0.81289308,0.72188139,0.45948522,0.58770344,0.12964728,0.15014299,0.27979028,18.27741935
2026,Ernie Clement,TOR,83,20352,676391,Ernie Clement,18,78,22,16,4,0,2,11,7,2,0,7,2,1,0,1,1,0,0.282051282,0.024096385,0.084337349,0.285714285,0.313253012,0.41025641,0.723509422,0.128205128,0.285714285,9.802496605463366,-0.011379390113015813,0.31606856742537165,102.42135087644728,0.8125,0.194444444,0.361111111,0.444444444,0.125,0.0625,0.192307692,0,0.43055556,0.38888889,0.18055556,0.18055556,0.58333333,0.23611111,72,84.22361130184598,105.8,17.65277777777778,1,0.01388889,12,0.16666667,0.25615384548944303,0.32875641368371317,0.2731386744697769,140,66.58331206185477,0.01428571,7.051458464350019,0.35,0.3,0.04166667,0.03571429,29.462885904312134,12.051887643762997,-3.6643241115978786,0.57142857,0.46,0.72727273,0.58510638,0.66666667,0.92708333,0.81818182,0.46808511,0.68674699,0.10638298,0.13475177,0.24113475,18.54040404
2026,Nico Hoerner,CHC,223,21479,663538,Nico Hoerner,48,196,51,35,12,0,4,21,28,23,0,14,2,2,0,2,8,1,0.260204081,0.103139013,0.062780269,1.642857142,0.340807174,0.382653061,0.723460235,0.12244898,0.261111111,27.547263184460636,1.1798614132132481,0.32279016859328263,104.61871486122894,1.072463768,0.222826086,0.402173913,0.375,0.072463768,0.057971014,0.067567567,0,0.33152174,0.43478261,0.23369565,0.17934783,0.56521739,0.25543478,184,85.79175831721379,104.3,13.291208791208792,3,0.01630435,51,0.27717391,0.29720618552228284,0.3877731959099075,0.3397560927351069,308,68.31715785682975,0.02272727,7.310915067598417,0.40636042,0.37337662,0.07420495,0.06818182,32.113317867378136,5.881056903534896,-2.3981731284845185,0.51298701,0.31234867,0.55645161,0.42802548,0.79069767,0.98550725,0.91071429,0.47388535,0.56502242,0.03821656,0.20636943,0.24458599,17.38599641
2026,Trevor Larnach,MIN,167,21501,663616,Trevor Larnach,43,151,46,30,9,0,7,21,24,15,1,21,0,0,1,5,0,1,0.304635761,0.089820359,0.125748502,0.714285714,0.367469879,0.503311258,0.870781137,0.198675497,0.31707317,27.904943559857987,8.158952098879,0.37673816030675716,143.29293191564545,0.862068965,0.169230769,0.384615384,0.446153846,0.068965517,0.120689655,0.06,0,0.45038168,0.35877863,0.19083969,0.16030534,0.51145038,0.32824427,131,88.30615392831656,109.3,15.176923076923076,13,0.09923664,55,0.41984733,0.3010198695065503,0.48750993072761484,0.367745803683206,264,72.59261694821444,0.26136364,7.1728700146530615,0.3236715,0.25378788,0.19323671,0.15151515,33.178736347140685,7.828465518287637,13.082279858891994,0.46212121,0.28189911,0.64423077,0.45608629,0.57894737,0.88557214,0.78716216,0.4807396,0.66467066,0.09707242,0.17257319,0.26964561,19.13807531
2026,Matt Vierling,DET,52,21558,663837,Matt Vierling,13,47,13,9,2,0,2,5,7,4,0,9,0,1,0,1,1,0,0.276595744,0.076923076,0.173076923,0.444444444,0.326923076,0.44680851,0.773731586,0.170212766,0.297297297,6.937199659819819,0.7887472288563026,0.33502158981103164,114.75303882093428,0.94117647,0.153846153,0.41025641,0.435897435,0.176470588,0.117647058,0.0625,0,0.43589744,0.41025641,0.15384615,0.17948718,0.41025641,0.41025641,39,91.06153869628906,107,18.564102564102566,4,0.1025641,17,0.43589744,0.2872765958903635,0.47653191435606557,0.34929976778892946,90,70.83584408230251,0.06666667,7.440853966606988,0.33766234,0.28888889,0.15584416,0.13333333,31.431475999620226,8.85765049987369,-1.3992580129040613,0.53333333,0.29292929,0.63157895,0.4741784,0.75862069,0.93055556,0.88118812,0.53521127,0.53846154,0.05633803,0.21126761,0.26760563,17.90625
2026,Jake McCarthy,COL,318,21622,664983,Jake McCarthy,70,297,86,51,20,4,11,52,42,16,0,51,2,2,0,5,18,1,0.289562289,0.050314465,0.160377358,0.31372549,0.328075709,0.494949494,0.823025203,0.205387205,0.316455696,47.24621726306491,9.646065858326486,0.3538012553464727,110.19908328709609,1.202531645,0.262711864,0.402542372,0.334745762,0.126582278,0.139240506,0.07368421,0.416666666,0.40725806,0.35887097,0.23387097,0.15322581,0.54435484,0.30241935,249,85.85677977739755,110.4,13.266949152542374,12,0.04819277,76,0.30522088,0.2748215484385056,0.41027272709916573,0.31943396749180575,507,71.5092135246924,0.14201183,7.1098496147396535,0.32241814,0.25246548,0.12342569,0.09664694,32.55886074683135,8.937554049906293,2.6007525948587165,0.51873767,0.3772242,0.7814433,0.56446991,0.62735849,0.88390501,0.79187817,0.46322827,0.68012422,0.11747851,0.10315186,0.22063037,19.17941586
2026,Jeremy Peña,HOU,337,21636,665161,Jeremy Pena,76,311,89,59,15,1,14,59,38,18,0,70,6,2,0,3,8,1,0.286173633,0.053412462,0.207715133,0.257142857,0.335311572,0.475884244,0.811195816,0.189710611,0.327510917,49.59205795400919,9.74535662257256,0.3520483157047532,127.45261196606299,1.345679012,0.218106995,0.44855967,0.333333333,0.049382716,0.172839506,0.091743119,0,0.47736626,0.30864198,0.21399177,0.12345679,0.49794239,0.37860082,243,88.56666687388478,110,12.794238683127572,14,0.05761317,97,0.39917695,0.2808424440340567,0.4248938913052075,0.3315082905849978,603,72.09831736297355,0.12935323,7.486546858823912,0.3427896,0.24046434,0.14420804,0.10116086,30.970511455440995,12.357140849033991,-7.758744888464808,0.60862355,0.3740458,0.75263158,0.55020408,0.49387755,0.85081585,0.72106825,0.46530612,0.6884273,0.15346939,0.11673469,0.27020408,18.14576271
2026,Oneil Cruz,PIT,190,21711,665833,Oneil Cruz,40,175,41,25,9,0,7,29,25,13,1,68,2,0,0,2,13,3,0.234285714,0.068421052,0.357894736,0.19117647,0.294736842,0.405714285,0.700451127,0.171428571,0.34,20.846720276041513,-1.6187789909405679,0.30568791508043885,89.53945539363065,1.676470588,0.14953271,0.53271028,0.317757009,0.088235294,0.205882352,0.087719298,0,0.41121495,0.39252336,0.19626168,0.11214953,0.47663551,0.41121495,107,95.22884607315063,116.9,7.125,17,0.1588785,62,0.57943925,0.23626470563878468,0.44174705945667536,0.3172477200001356,312,78.43230132567577,0.76923077,7.611103363526174,0.35384615,0.22115385,0.25641026,0.16025641,33.96994748482337,7.284453315075296,5.330984879858219,0.41987179,0.33737864,0.6,0.45611702,0.43884892,0.78431373,0.64431487,0.45212766,0.63684211,0.16223404,0.18484043,0.34707447,19.13888889
2026,Carlos Cortes,ATH,62,21842,666126,Carlos Cortes,15,50,13,11,1,0,1,4,1,11,0,6,1,0,0,1,0,0,0.26,0.177419354,0.096774193,1.833333333,0.403225806,0.34,0.743225806,0.08,0.279069767,8.861967690257604,1.5311205610318734,0.3468194959625121,120.35734366125622,0.894736842,0.181818181,0.386363636,0.431818181,0.157894736,0.052631578,0.058823529,0,0.31818182,0.36363636,0.31818182,0.20454545,0.34090909,0.45454545,44,88.34318187020041,108.9,13.681818181818182,3,0.06818182,18,0.40909091,0.24636000045575202,0.38176000126637516,0.3524471721386597,97,70.59803252859214,0.11340206,7.0147590243939275,0.30952381,0.26804124,0.13095238,0.11340206,25.92961777362627,7.204478888782029,0.5637027487619636,0.45360825,0.22147651,0.62809917,0.4037037,0.78787879,0.86842105,0.8440367,0.44814815,0.5483871,0.06296296,0.16296296,0.22592593,19.625
2026,Dane Myers,CIN,57,22054,667472,Dane Myers,18,46,10,6,1,0,3,13,6,10,0,18,1,0,0,2,3,0,0.217391304,0.175438596,0.315789473,0.555555555,0.368421052,0.434782608,0.80320366,0.217391304,0.28,8.702396338360382,1.9627465582657586,0.35887916046276425,122.23689378747855,0.533333333,0.08,0.32,0.6,0.133333333,0.2,0.25,0.666666666,0.35714286,0.35714286,0.28571429,0.17857143,0.57142857,0.25,28,91.0727270299738,106.2,26.772727272727273,3,0.10714286,9,0.32142857,0.17818604534231994,0.3542558136612697,0.32240885048587287,76,71.7404267160516,0.23684211,7.325009446395071,0.23809524,0.19736842,0.11111111,0.09210526,29.292018802542437,8.093381982100638,6.009094055153821,0.56578947,0.1953125,0.5877193,0.38016529,0.76,0.86567164,0.83695652,0.47107438,0.63157895,0.06198347,0.20247934,0.26446281,18.95135135
2026,Brice Turang,MIL,166,22186,668930,Brice Turang,36,139,38,23,10,1,4,22,26,24,1,38,0,1,2,1,9,1,0.273381294,0.144578313,0.228915662,0.631578947,0.37804878,0.446043165,0.824091945,0.172661871,0.346938775,25.69221475466924,6.064462763516477,0.36147811405497826,129.5246724197047,1,0.267326732,0.366336633,0.366336633,0,0.108108108,0.108108108,0.333333333,0.26923077,0.31730769,0.41346154,0.07692308,0.58653846,0.33653846,104,91.22999996185303,109.6,13.72,7,0.06730769,45,0.43269231,0.2637681159329182,0.4482101436950725,0.3576227185448609,233,70.43141108828041,0.12875536,6.8363754084181885,0.36125654,0.29613734,0.15706806,0.12875536,35.45598373904249,9.177969950974756,-8.753494400291228,0.55364807,0.23209169,0.58282209,0.40148148,0.66666667,0.86842105,0.80811808,0.48296296,0.58433735,0.07703704,0.19851852,0.27555556,18.20594059
2026,Xavier Edwards,MIA,138,22266,669364,Xavier Edwards,32,126,34,24,4,2,4,18,13,11,0,21,0,1,0,2,4,1,0.269841269,0.079710144,0.152173913,0.523809523,0.326086956,0.428571428,0.754658384,0.158730159,0.294117647,17.79028925295934,1.473242416940777,0.32945833819499915,106.00349921442678,1.485714285,0.155339805,0.504854368,0.339805825,0.028571428,0.114285714,0.096153846,1,0.3490566,0.36792453,0.28301887,0.11320755,0.60377358,0.28301887,106,86.51844672786379,105.6,9.019417475728156,6,0.05660377,32,0.30188679,0.2517039999021217,0.391327998819761,0.30731472123862946,193,68.89801157817939,0.03108808,6.591833371572544,0.39393939,0.33678756,0.0969697,0.08290155,29.01647575655132,5.746678266934254,1.6803415642346742,0.48186528,0.25964912,0.61777778,0.41764706,0.71621622,0.9352518,0.85915493,0.44117647,0.52173913,0.05882353,0.18431373,0.24313725,19.35849057
2026,Heliot Ramos,SFG,62,22515,671218,Heliot Ramos,14,59,16,10,3,1,2,9,7,1,0,18,1,1,0,2,0,0,0.27118644,0.016129032,0.29032258,0.055555555,0.29032258,0.457627118,0.747949698,0.186440678,0.35,7.489344130388339,0.15849700116260831,0.3194040127338902,102.94107201252717,1.384615384,0.261904761,0.428571428,0.309523809,0,0.153846153,0.111111111,0,0.26190476,0.5,0.23809524,0.07142857,0.45238095,0.47619048,42,93.69523811340332,111.7,7.928571428571429,7,0.16666667,22,0.52380952,0.28989830616293316,0.5209830491408959,0.35027830756359524,108,72.89360463177717,0.2962963,6.943452764440466,0.36842105,0.25925926,0.19736842,0.13888889,32.698645962609184,9.004509031772614,5.120580487781101,0.55555556,0.34545455,0.73636364,0.54090909,0.5,0.82716049,0.72268908,0.5,0.72580645,0.15,0.15454545,0.30454545,18.08227848
2026,Maikel Garcia,KCR,236,22715,672580,Maikel Garcia,53,216,57,38,15,1,3,26,20,18,0,34,0,2,0,5,4,3,0.263888888,0.076271186,0.144067796,0.529411764,0.31779661,0.384259259,0.702055869,0.120370371,0.298342541,26.614126262816253,-1.2903886161720117,0.3094674707469294,94.1407615411108,1.25,0.208791208,0.439560439,0.351648351,0.046875,0.046875,0.0625,0,0.35326087,0.41304348,0.23369565,0.11956522,0.58695652,0.29347826,184,90.3499997317136,110.6,8.054945054945055,8,0.04347826,76,0.41304348,0.28091203638608997,0.3771990752596779,0.3199391764099315,306,72.1421577104556,0.20588235,7.115327755610148,0.3992674,0.35620915,0.17582418,0.15686275,27.73559035818561,4.0908773993355,0.21002527818181158,0.4248366,0.21396396,0.55156951,0.38314607,0.68421053,0.92682927,0.85923754,0.5011236,0.66101695,0.05393258,0.23820225,0.29213483,18.86064319
2026,Geraldo Perdomo,ARI,78,22799,672695,Geraldo Perdomo,18,67,15,9,3,2,1,7,6,11,0,15,0,0,0,0,0,0,0.223880597,0.141025641,0.192307692,0.733333333,0.333333333,0.373134328,0.706467661,0.149253731,0.274509803,9.256298808212968,0.03362016176769349,0.31677209796049655,97.85281063278872,1.714285714,0.269230769,0.461538461,0.269230769,0.071428571,0.071428571,0.083333333,0,0.53846154,0.30769231,0.15384615,0.11538462,0.53846154,0.34615385,52,87.25098082598518,100.8,12.666666666666666,2,0.03846154,20,0.38461538,0.2584776124541662,0.34582089679315686,0.3227835477640231,118,67.03467543650481,0,6.952206025689335,0.35576923,0.31355932,0.07692308,0.06779661,37.949751756959046,8.12765925466004,2.0395851074639015,0.49152542,0.20930233,0.54444444,0.38068182,0.80555556,0.91836735,0.8880597,0.51136364,0.55128205,0.04261364,0.21022727,0.25284091,17.375
2026,Anthony Seigler,BOS,95,23802,678011,Anthony Seigler,23,85,16,9,5,0,2,11,6,7,0,19,1,1,1,2,1,0,0.188235294,0.07368421,0.2,0.368421052,0.255319148,0.317647058,0.572966206,0.129411764,0.215384615,6.581282542734909,-4.65146709075613,0.2556062600714095,55.4264079510573,1,0.19402985,0.402985074,0.402985074,0.111111111,0.074074074,0,0,0.32352941,0.29411765,0.38235294,0.16176471,0.55882353,0.27941176,68,85.91492530481139,104.8,15.880597014925373,6,0.08823529,22,0.32352941,0.21975294014658123,0.3641294093802571,0.29036315716307687,140,67.1426815032959,0.00714286,6.822159736497062,0.39090909,0.30714286,0.06363636,0.05,35.34271227972848,10.993949923770769,-7.655654826547418,0.53571429,0.29518072,0.63157895,0.46587537,0.6122449,0.88888889,0.80254777,0.5074184,0.66315789,0.09198813,0.18694362,0.27893175,18.34583333
2026,Steven Kwan,CLE,341,24610,680757,Steven Kwan,75,288,72,60,9,1,2,42,19,46,1,36,3,2,2,5,5,2,0.25,0.13489736,0.105571847,1.277777777,0.356932153,0.309027777,0.66595993,0.059027777,0.277777777,37.98106326414816,-2.338595946593361,0.30774581626322145,97.21541983595276,1.247058823,0.229838709,0.427419354,0.342741935,0.094117647,0.023529411,0.018867924,0.5,0.296875,0.37890625,0.32421875,0.1484375,0.6640625,0.1875,256,83.72793523502736,102.1,12.955465587044534,1,0.00390625,25,0.09765625,0.24406620158443962,0.3046062704531041,0.3022091997388218,431,62.339462404184715,0.00232019,6.176220159242988,0.44226044,0.41763341,0.01474201,0.01392111,36.43071057348406,1.5917590227628478,0.11314155139772356,0.35266821,0.18544936,0.50622407,0.34831461,0.82307692,0.97540984,0.93548387,0.50772472,0.56358382,0.02247191,0.25632022,0.27879213,18.40221402
2026,Jarren Duran,BOS,200,24617,680776,Jarren Duran,44,184,39,24,4,2,9,21,25,12,0,59,2,2,0,2,8,0,0.211956521,0.06,0.295,0.20338983,0.265,0.402173913,0.667173913,0.190217392,0.254237288,19.30526070462726,-4.342633260617035,0.2893502938747406,78.929309547719,1.040816326,0.206349206,0.404761904,0.388888888,0.204081632,0.183673469,0.039215686,1,0.45669291,0.35433071,0.18897638,0.1496063,0.42519685,0.42519685,127,90.86559979248047,114.7,15.698412698412698,13,0.1023622,50,0.39370079,0.23979234932145724,0.4010109297550777,0.30116070223148517,311,75.67648359586956,0.58842444,7.624371335437443,0.31192661,0.21864952,0.18348624,0.12861736,26.879052453485716,6.564980151005976,2.836240737312668,0.46945338,0.35,0.61111111,0.47702703,0.42105263,0.82727273,0.67422096,0.48648649,0.585,0.15540541,0.18378378,0.33918919,18.45420561
2026,Brendan Donovan,SEA,113,24679,680977,Brendan Donovan,25,94,30,20,6,1,3,10,14,13,0,15,5,1,0,1,0,1,0.319148936,0.115044247,0.132743362,0.866666666,0.424778761,0.5,0.924778761,0.180851064,0.35064935,21.507301582474156,8.146241492111129,0.40551028578682285,170.74811437545725,1.384615384,0.225,0.45,0.325,0.115384615,0.115384615,0,0,0.4,0.4,0.2,0.15,0.525,0.325,80,87.18846203730656,109.6,11.935897435897436,2,0.025,26,0.325,0.2750108697459243,0.38900000039543753,0.3512473044883426,164,68.41931387273277,0.01219512,6.912313906157889,0.35036496,0.29268293,0.08759124,0.07317073,29.478730620407475,9.670342658521472,2.202038617759216,0.61585366,0.24311927,0.67894737,0.44607843,0.67924528,0.9379845,0.86263736,0.46568627,0.53097345,0.06127451,0.16176471,0.22303922,18.21843003
2026,Nick Sogard,BOS,81,25483,686765,Nick Sogard,16,64,17,12,4,0,1,15,5,14,0,14,0,1,2,0,0,0,0.265625,0.172839506,0.172839506,1,0.392405063,0.375,0.767405063,0.109375,0.32,11.695438678153131,2.1180416222291916,0.34861899780321726,120.21028159484733,0.8,0.265306122,0.326530612,0.408163265,0.05,0.05,0.125,0,0.41509434,0.33962264,0.24528302,0.11320755,0.62264151,0.26415094,53,87.77959154090102,105.9,18.3265306122449,3,0.05660377,14,0.26415094,0.2529062504581816,0.3580937496481056,0.33644376805971693,114,69.30357200221012,0.07017544,7.034338524467067,0.36082474,0.30701754,0.09278351,0.07894737,33.484106381734215,11.951951329645357,-0.2769832694739626,0.56140351,0.1980198,0.61146497,0.37883008,0.7,0.91666667,0.85294118,0.43732591,0.52325581,0.05571031,0.1810585,0.2367688,18.41391941
2026,Corbin Carroll,ARI,54,25878,682998,Corbin Carroll,11,46,7,3,2,1,1,9,4,5,0,13,2,1,0,0,2,0,0.152173913,0.092592592,0.24074074,0.384615384,0.259259259,0.304347826,0.563607085,0.152173913,0.181818181,3.7255537741352978,-2.659377596480661,0.25525343307742365,56.625199369059175,0.529411764,0.235294117,0.264705882,0.5,0.058823529,0.058823529,0,0,0.38235294,0.32352941,0.29411765,0.02941176,0.61764706,0.35294118,34,94.81764748517205,108.8,24.08823529411765,4,0.11764706,22,0.64705882,0.21817391318947318,0.4036739088529114,0.3229898308162336,86,75.43197951205941,0.61627907,7.286573953406755,0.3880597,0.30232558,0.20895522,0.1627907,25.080226022143698,8.3442322147447,-2.127676622119061,0.58139535,0.18018018,0.68224299,0.4266055,0.7,0.82191781,0.79569892,0.49082569,0.40740741,0.08715596,0.16055046,0.24770642,18.95121951
2026,Michael Harris II,ATL,57,25931,671739,Michael Harris II,12,55,14,8,5,0,1,6,4,2,0,15,0,0,0,1,2,0,0.254545454,0.035087719,0.263157894,0.133333333,0.280701754,0.4,0.680701754,0.145454546,0.333333333,5.806146880218913,-0.9335028998757108,0.29595792293548584,84.40912911740695,0.882352941,0.2,0.375,0.425,0.117647058,0.058823529,0.2,0,0.45,0.325,0.225,0.2,0.5,0.3,40,87.69500036239624,108.8,13.475,2,0.05,18,0.45,0.24930909177796406,0.34956363740969787,0.27326831662733303,89,75.00038927056816,0.50561798,8.167010494832242,0.3015873,0.21348315,0.19047619,0.13483146,30.960265106029723,7.103885459431102,1.9035212196660845,0.47191011,0.47540984,0.65555556,0.55188679,0.60344828,0.86440678,0.73504274,0.4245283,0.64912281,0.14622642,0.14622642,0.29245283,18.51298701
2026,Jake Mangum,PIT,164,26202,663968,Jake Mangum,35,151,43,32,7,1,3,21,12,8,0,37,4,1,0,3,6,2,0.284768211,0.048780487,0.225609756,0.216216216,0.335365853,0.403973509,0.739339362,0.119205298,0.357142857,20.7478885003623,1.3566154488619817,0.3264818598584431,103.47481425709813,2.259259259,0.2,0.554545454,0.245454545,0.037037037,0.111111111,0.098360655,0.6,0.26086957,0.4,0.33913043,0.12173913,0.56521739,0.31304348,115,88.2706422718293,107.1,3.128440366972477,4,0.03478261,34,0.29565217,0.24186666734982282,0.34387999968448035,0.28592397568553135,309,68.73121166537881,0.04530744,6.702188666198632,0.32365145,0.25242718,0.07883817,0.06148867,31.490750717113706,4.196568124948678,-6.575522722694481,0.36569579,0.45214521,0.74285714,0.59176672,0.70072993,0.87019231,0.80289855,0.48027444,0.68292683,0.11663808,0.12178388,0.23842196,20.17745803
2026,Gunnar Henderson,BAL,196,26289,683002,Gunnar Henderson,42,178,37,22,8,1,6,28,17,16,0,46,1,1,0,2,6,0,0.207865168,0.081632653,0.234693877,0.347826086,0.275510204,0.365168539,0.640678743,0.157303371,0.244094488,17.901676889795134,-5.273259196144273,0.2829218573716222,80.18971244815616,1.018518518,0.180451127,0.413533834,0.406015037,0.074074074,0.111111111,0.072727272,0,0.47368421,0.29323308,0.23308271,0.12030075,0.44360902,0.43609023,133,91.22857103849712,111.9,15.090225563909774,9,0.06766917,60,0.45112782,0.2395280904236009,0.38037640390540944,0.3027140799510692,330,74.31960127859405,0.41515152,7.339709390293468,0.32684825,0.25454545,0.16342412,0.12727273,32.150740669712874,10.790677927073205,-0.17765377127762996,0.5,0.31185567,0.65945946,0.48153034,0.56198347,0.90983607,0.79452055,0.48812665,0.62755102,0.09894459,0.16094987,0.25989446,18.28315412
2026,Spencer Horwitz,PIT,140,26477,687462,Spencer Horwitz,30,120,30,21,4,0,5,17,9,16,0,19,4,0,0,4,0,0,0.25,0.114285714,0.135714285,0.842105263,0.357142857,0.408333333,0.76547619,0.158333333,0.260416666,19.610392354241238,3.056866578570233,0.3432769681726183,114.73029579306969,0.847826086,0.158415841,0.386138613,0.455445544,0.195652173,0.108695652,0.076923076,0,0.40594059,0.33663366,0.25742574,0.17821782,0.52475248,0.2970297,101,86.91386166185436,107.4,18.633663366336634,11,0.10891089,34,0.33663366,0.23842500135166725,0.425308331681299,0.342519883399031,213,68.90464284834168,0.06103286,6.959753994650684,0.31147541,0.26760563,0.09836066,0.08450704,34.68808593212719,9.50417614878623,2.687198052943592,0.51643192,0.25,0.57491289,0.40994854,0.77027027,0.92121212,0.87447699,0.4922813,0.58571429,0.05145798,0.2109777,0.26243568,19.05034325
2026,Elly De La Cruz,CIN,232,26668,682829,Elly De La Cruz,51,201,50,30,8,3,9,35,20,30,0,58,0,1,0,4,12,3,0.248756218,0.129310344,0.25,0.517241379,0.344827586,0.452736318,0.797563904,0.2039801,0.303703703,33.556418436481856,6.12486143679848,0.34893056493380975,115.56970050772533,1.69047619,0.215277777,0.493055555,0.291666666,0.047619047,0.214285714,0.056338028,0,0.375,0.41666667,0.20833333,0.10416667,0.38194444,0.51388889,144,93.08951035079423,116.2,7.314685314685315,19,0.13194444,70,0.48611111,0.2749250000785105,0.45300999892177063,0.35869461952546694,358,76.98613210496956,0.70391061,7.340053615623346,0.31538462,0.22905028,0.20769231,0.15083799,33.91043170204376,8.198824503942907,-1.4645065788033955,0.50558659,0.26232742,0.59192825,0.41657922,0.63157895,0.78787879,0.73551637,0.4679958,0.55508475,0.11017838,0.18887723,0.29905561,19.04055944
2026,Austin Martin,MIN,136,27462,668885,Austin Martin,37,109,26,16,9,0,1,17,11,20,0,24,5,2,0,2,5,3,0.23853211,0.147058823,0.176470588,0.833333333,0.375,0.348623853,0.723623853,0.110091743,0.290697674,17.879933193873526,1.7993652975074081,0.3326222169048646,112.5659393260332,0.81081081,0.211764705,0.352941176,0.435294117,0.081081081,0.027027027,0,0.5,0.45977011,0.31034483,0.22988506,0.17241379,0.55172414,0.27586207,87,87.03647061516257,104.9,16.388235294117646,3,0.03448276,26,0.29885057,0.23265137724950055,0.318981648750663,0.3199042616144973,187,69.2933840012168,0.04812834,6.642392635345459,0.3961039,0.32620321,0.08441558,0.06951872,38.582957538053954,9.911968032545584,-2.1554346544030594,0.53475936,0.17985612,0.63346614,0.39508507,0.64,0.88050314,0.82296651,0.47448015,0.56617647,0.06994329,0.16446125,0.23440454,17.73913043
2026,Nick Gonzales,PIT,56,27490,693304,Nick Gonzales,13,52,10,10,0,0,0,5,4,1,0,8,2,1,0,1,1,0,0.192307692,0.017857142,0.142857142,0.125,0.232142857,0.192307692,0.424450549,0,0.222222222,1.2459080532585607,-5.375502257009842,0.19736973834889276,16.94848334357085,2.7,0.177777777,0.6,0.222222222,0,0,0.037037037,0,0.42222222,0.31111111,0.26666667,0.13333333,0.62222222,0.24444444,45,80.81777716742621,104,5.7555555555555555,0,0,9,0.2,0.27271153810075843,0.31949999720717853,0.27826541206533356,103,70.82478243633382,0.13592233,7.215965604319156,0.20731707,0.16504854,0.03658537,0.02912621,35.65334947826793,7.781101730263349,3.825234744444634,0.48543689,0.32330827,0.77391304,0.53225806,0.72093023,0.84269663,0.8030303,0.46370968,0.56451613,0.10483871,0.11693548,0.22177419,20.3027027
2026,Edouard Julien,COL,126,27534,666397,Edouard Julien,31,111,28,23,2,1,2,16,12,15,0,32,0,0,0,4,3,2,0.252252252,0.119047619,0.253968253,0.46875,0.341269841,0.342342342,0.683612183,0.09009009,0.337662337,14.33516570060129,-0.5630074975026138,0.31070510026008363,81.317579889061,2.157894736,0.240506329,0.518987341,0.240506329,0,0.105263157,0,0,0.3164557,0.46835443,0.21518987,0.06329114,0.37974684,0.55696203,79,91.99350664213107,109.1,7.0519480519480515,5,0.06329114,41,0.51898734,0.26147222337722603,0.4254814848051562,0.3429000382500935,184,71.26611794596133,0.14130435,7.018888074418773,0.39007092,0.29891304,0.18439716,0.14130435,43.16881403715714,12.344715343626296,-6.880603943020105,0.36956522,0.20155039,0.62692308,0.41505792,0.46153846,0.85889571,0.7627907,0.5019305,0.51587302,0.0984556,0.17567568,0.27413127,18.28822055
2026,Casey Schmitt,SFG,56,27577,669477,Casey Schmitt,11,55,13,10,0,0,3,5,7,0,0,11,0,1,0,2,1,0,0.236363636,0,0.196428571,0,0.232142857,0.4,0.632142857,0.163636364,0.238095238,4.4715336128661765,-2.149876697402226,0.26869807073048185,68.959761305426,0.823529411,0.311111111,0.311111111,0.377777777,0.117647058,0.176470588,0,0,0.28888889,0.42222222,0.28888889,0.13333333,0.62222222,0.24444444,45,88.50444480048286,107.3,17.555555555555557,2,0.04444444,16,0.35555556,0.3022545458897102,0.43645454706751147,0.3120892875761326,114,72.59555016902455,0.31578947,7.518493723451045,0.30769231,0.24561404,0.15384615,0.12280702,34.50422486087732,10.451672992685385,-7.698051228857877,0.46491228,0.38,0.79279279,0.5971564,0.65789474,0.84090909,0.78571429,0.52606635,0.71428571,0.12796209,0.11374408,0.24170616,18.45806452
2026,Pete Crow-Armstrong,CHC,361,27769,691718,Pete Crow-Armstrong,76,300,93,41,21,5,26,65,59,52,5,99,6,3,0,0,20,3,0.31,0.144044321,0.274238227,0.525252525,0.418282548,0.673333333,1.091615881,0.363333333,0.376404494,82.66948441169382,39.98503580442787,0.4533980142199591,192.14742663877314,0.428571428,0.261083743,0.221674876,0.517241379,0.095238095,0.247619047,0.111111111,1,0.55392157,0.25,0.19607843,0.15686275,0.40196078,0.44117647,204,89.78817727413083,114.6,23.87192118226601,30,0.14705882,105,0.51470588,0.2608433337575601,0.5170366651832592,0.38703667495551447,635,75.01204600897361,0.51811024,7.520219401862677,0.25502008,0.2,0.15060241,0.11811024,34.84485019473579,16.172417675862164,5.907673722646368,0.49448819,0.31647059,0.67201166,0.47526042,0.57992565,0.85900217,0.75616438,0.44661458,0.60655738,0.11588542,0.140625,0.25651042,19.0445587
2026,Colt Keith,DET,59,27899,690993,Colt Keith,16,54,15,12,3,0,0,7,0,5,0,10,0,0,0,1,0,0,0.277777777,0.084745762,0.169491525,0.5,0.33898305,0.333333333,0.672316383,0.055555556,0.34090909,6.404000045301254,-0.5721286744458128,0.3042301454786527,93.3066317203241,1.133333333,0.272727272,0.386363636,0.34090909,0.066666666,0,0.176470588,0,0.27272727,0.5,0.22727273,0.15909091,0.54545455,0.29545455,44,87.92272784493186,105.9,13.931818181818182,2,0.04545455,20,0.45454545,0.3165925935717058,0.4557962962404687,0.3631395751105274,90,71.65421362982856,0.18888889,6.86156522432963,0.37333333,0.31111111,0.17333333,0.14444444,31.96645762125651,9.531600385242038,0.3849721391995748,0.42222222,0.23333333,0.62204724,0.43319838,0.46428571,0.94936709,0.82242991,0.51417004,0.55555556,0.07692308,0.18623482,0.26315789,18.36413043
2026,Jackson Chourio,MIL,148,28806,694192,Jackson Chourio,32,135,33,20,9,0,4,17,10,13,3,40,0,0,0,0,6,2,0.244444444,0.087837837,0.27027027,0.325,0.31081081,0.4,0.71081081,0.155555556,0.318681318,16.237478763690806,-1.2619627705899708,0.305679387881838,92.13035971721146,1.125,0.105263157,0.47368421,0.421052631,0.075,0.1,0.177777777,0,0.36842105,0.37894737,0.25263158,0.16842105,0.49473684,0.33684211,95,90.77473714728104,113.3,9.452631578947368,14,0.14736842,44,0.46315789,0.21716296320298203,0.39258518227272565,0.289161859786716,258,74.40391507998918,0.45348837,7.33924969407015,0.27918782,0.21317829,0.17258883,0.13178295,27.715752453767053,8.895327328018439,3.9083386373150257,0.64728682,0.38690476,0.63736264,0.49917898,0.63076923,0.84482759,0.75328947,0.44827586,0.64864865,0.12315271,0.17241379,0.2955665,19.37093275
2026,Carter Jensen,KCR,249,29478,695600,Carter Jensen,55,223,48,22,14,1,11,32,31,24,0,73,1,1,0,1,1,0,0.215246636,0.096385542,0.29317269,0.328767123,0.29317269,0.434977578,0.728150268,0.219730942,0.264285714,29.52936574866835,0.08773776193920578,0.31667468203119487,99.16062308427107,0.658227848,0.132450331,0.34437086,0.523178807,0.088607594,0.139240506,0.076923076,0,0.40397351,0.30463576,0.29139073,0.13245033,0.44370861,0.42384106,151,90.51333353678386,111.5,20.846666666666668,18,0.1192053,64,0.42384106,0.1960900896627389,0.37407657821654333,0.2864239323028033,417,73.44047884861057,0.33333333,7.1674589035894085,0.303125,0.23261391,0.153125,0.117506,27.9875452649965,7.880383476221876,5.1397751817117925,0.51079137,0.23756906,0.68016194,0.44840887,0.48837209,0.86011905,0.75698925,0.47637416,0.56626506,0.10896818,0.15814851,0.26711668,18.53621347
2026,Blake Dunn,CIN,109,29487,694362,Blake Dunn,23,100,25,20,4,0,1,11,5,6,0,24,2,1,0,2,3,3,0.25,0.055045871,0.220183486,0.25,0.302752293,0.32,0.622752293,0.07,0.315789473,9.709596370730505,-3.1785058403276345,0.2801279135800283,69.4606217538379,1.347826086,0.239436619,0.436619718,0.323943661,0.086956521,0.04347826,0.096774193,0.5,0.28571429,0.42857143,0.28571429,0.11688312,0.64935065,0.23376623,77,88.32205895816578,108.9,12.867647058823529,1,0.01298701,22,0.28571429,0.23791578886295228,0.29943158025363165,0.26948171062394977,154,71.91411657457228,0.20779221,6.201497814872048,0.33070866,0.27272727,0.1023622,0.08441558,33.23575561077564,4.170581116111247,-0.27883204411376605,0.36363636,0.29943503,0.63636364,0.47733333,0.52830189,0.92063492,0.80446927,0.528,0.59633028,0.09333333,0.18133333,0.27466667,19.32089552
2026,James Wood,WSN,535,29518,695578,James Wood,114,437,116,59,26,1,30,100,73,90,9,153,4,4,0,5,17,2,0.265446224,0.168224299,0.285981308,0.588235294,0.392523364,0.535469107,0.927992471,0.270022883,0.333333333,97.32364816063995,34.065531803611464,0.39508758830933516,151.3255740109714,1.160377358,0.204861111,0.427083333,0.368055555,0.037735849,0.283018867,0.073170731,0,0.32986111,0.35416667,0.31597222,0.09027778,0.40277778,0.50694444,288,95.12264792678248,116.3,10.055555555555555,60,0.20833333,166,0.57638889,0.27536697281842815,0.5845160543488194,0.418929213155061,750,76.96968318684895,0.69466667,7.434084529876709,0.34254144,0.248,0.24493554,0.17733333,39.14388306427002,11.819788621664047,-0.4375840123593807,0.436,0.21710526,0.57001972,0.37757848,0.44318182,0.83217993,0.71021378,0.45470852,0.57009346,0.10941704,0.19327354,0.30269058,18.50176263
2026,Ben Rice,NYY,70,29576,700250,Ben Rice,16,61,13,7,0,0,6,10,10,8,1,18,1,0,0,1,0,0,0.213114754,0.114285714,0.257142857,0.444444444,0.314285714,0.508196721,0.822482435,0.295081967,0.189189189,10.17779263665162,1.901029748816119,0.34986835545387823,126.49670009905634,0.625,0.093023255,0.348837209,0.558139534,0.083333333,0.25,0.066666666,0,0.44186047,0.30232558,0.25581395,0.18604651,0.48837209,0.3255814,43,88.98139536657999,109.1,21.046511627906977,4,0.09302326,14,0.3255814,0.21143333422563348,0.4456000026354256,0.32536965856492955,102,72.66355230294022,0.26470588,7.723782637540032,0.32911392,0.25490196,0.13924051,0.10784314,34.258504343967815,14.350234602596245,6.891160496894051,0.57843137,0.23387097,0.64754098,0.43902439,0.62068966,0.81012658,0.75925926,0.49593496,0.61428571,0.10569106,0.18699187,0.29268293,18.53888889
2026,Liam Hicks,MIA,117,29844,689414,Liam Hicks,25,102,31,24,4,1,2,21,10,13,0,11,1,0,1,2,1,0,0.303921568,0.111111111,0.094017094,1.181818181,0.387931034,0.421568627,0.809499661,0.117647059,0.325842696,18.078033694560357,4.244015724892448,0.3611570529896638,127.24684533707406,1.566666666,0.144444444,0.522222222,0.333333333,0.233333333,0.066666666,0.063829787,0,0.48913043,0.35869565,0.15217391,0.18478261,0.5326087,0.2826087,92,84.25888866848416,106.5,13.433333333333334,2,0.02173913,22,0.23913043,0.2390882367035374,0.29573529338984583,0.28978464303233115,152,69.40855736481517,0.09210526,6.97389878411042,0.39705882,0.35526316,0.08823529,0.07894737,32.47745306868302,7.4544718072406555,8.049793504962796,0.53289474,0.28755365,0.51813472,0.39201878,0.7761194,0.97,0.89221557,0.45305164,0.60683761,0.04225352,0.22769953,0.26995305,18.40522876
2026,Zach Neto,LAA,510,31347,687263,Zach Neto,113,456,104,57,24,4,19,75,47,46,1,160,7,1,0,3,16,10,0.228070175,0.090196078,0.31372549,0.2875,0.307843137,0.423245614,0.731088751,0.195175439,0.305755395,61.80079168168495,1.4986620703120017,0.31987724006761503,103.26153323579238,0.64539007,0.213559322,0.308474576,0.477966101,0.09929078,0.134751773,0.065934065,0,0.48148148,0.27946128,0.23905724,0.11447811,0.54208754,0.34343434,297,89.5136051696985,109.7,22.20408163265306,35,0.11784512,118,0.3973064,0.20577582467147815,0.401079121375569,0.30234915377227517,911,71.21551341152086,0.13721186,7.121931036269756,0.31229773,0.2118551,0.11165049,0.07574094,39.8679387462126,20.915922065466873,-7.926418577890299,0.37760703,0.3754386,0.69152542,0.51358025,0.46495327,0.83660131,0.68365385,0.43703704,0.65175097,0.16246914,0.13679012,0.29925926,19.64694149
2026,Jakob Marsee,MIA,177,31370,805300,Jakob Marsee,39,146,28,20,3,3,2,19,11,25,1,37,2,1,3,0,5,2,0.191780821,0.141242937,0.209039548,0.675675675,0.316091954,0.294520547,0.610612501,0.102739726,0.24074074,15.938485150654536,-4.9899010085866635,0.28132794495951924,73.74822927229916,0.833333333,0.2,0.363636363,0.436363636,0.125,0.041666666,0,0,0.50442478,0.2920354,0.20353982,0.15044248,0.54867257,0.30088496,113,87.80642224233085,110.9,17.46788990825688,3,0.02654867,44,0.38938053,0.20862068929709493,0.2973931021105241,0.29026595107008984,247,70.69660044681689,0.06072874,6.739061170261398,0.31067961,0.25910931,0.10679612,0.08906883,29.927111336094164,6.444007951781335,6.495655665030847,0.48178138,0.21052632,0.58789625,0.39548023,0.60526316,0.93137255,0.84285714,0.49011299,0.55932203,0.06214689,0.19915254,0.26129944,19.19622642
2026,Henry Bolte,ATH,97,31448,703607,Henry Bolte,22,88,25,18,5,0,2,13,9,6,0,29,2,0,0,1,4,2,0.284090909,0.06185567,0.298969072,0.206896551,0.34375,0.409090909,0.752840909,0.125,0.403508771,12.861829540251655,1.3926009671081738,0.33401667947570485,111.44011290564202,3.545454545,0.152542372,0.661016949,0.186440677,0,0.181818181,0,0,0.33898305,0.49152542,0.16949153,0.13559322,0.44067797,0.42372881,60,89.53050859095687,113.2,0.8305084745762712,5,0.08333333,26,0.43333333,0.2496022740378976,0.36472727081061085,0.2965100083108011,177,76.79958998685503,0.71751412,7.636023839314778,0.26446281,0.18079096,0.19834711,0.13559322,32.39175434435828,7.321242879055398,5.634313604084112,0.45762712,0.29816514,0.75661376,0.51105651,0.33846154,0.82517483,0.67307692,0.46437346,0.64705882,0.16707617,0.11793612,0.28501229,18.13486842
2026,Drake Baldwin,ATL,192,31539,686948,Drake Baldwin,43,163,46,33,3,0,10,27,27,26,1,35,2,1,0,1,2,1,0.282208588,0.135416666,0.182291666,0.742857142,0.385416666,0.484662576,0.870079242,0.202453988,0.302521008,32.560940355726025,9.858962149091502,0.3798250187754007,140.61386034292715,1.260869565,0.193798449,0.449612403,0.356589147,0,0.217391304,0,0,0.31782946,0.36434109,0.31782946,0.07751938,0.51162791,0.41085271,129,92.2984496419744,112.8,11.511627906976743,17,0.13178295,62,0.48062016,0.28218404897574356,0.5207852768437491,0.39275073519230125,349,75.5037225105701,0.58452722,7.293712978035126,0.29454545,0.23209169,0.16727273,0.13180516,34.06341703026889,11.827463753863016,-5.5244746551472685,0.45845272,0.31818182,0.73198847,0.50588235,0.64661654,0.87795276,0.79844961,0.45359477,0.57291667,0.10196078,0.12418301,0.22614379,19.28621291
2026,Chase Meidroth,CHW,165,31580,805367,Chase Meidroth,36,146,39,23,10,0,6,25,15,19,0,40,0,0,0,4,1,0,0.267123287,0.115151515,0.242424242,0.475,0.351515151,0.458904109,0.81041926,0.191780822,0.33,24.721877552465298,5.212365031138755,0.35535727883830215,128.91042054874788,1.862068965,0.209523809,0.514285714,0.276190476,0,0.206896551,0.055555555,1,0.43396226,0.33018868,0.23584906,0.10377358,0.5754717,0.32075472,106,88.83942314294669,107.7,4.942857142857143,7,0.06603774,42,0.39622642,0.22234722300587842,0.3549444451928139,0.2990631453144404,251,67.01829662550968,0.01992032,6.661128615953058,0.3880597,0.31075697,0.10945274,0.0876494,31.2443894542071,11.446470721903076,2.398460077099591,0.59760956,0.24788732,0.54131054,0.39376771,0.69318182,0.85789474,0.8057554,0.49716714,0.6,0.07648725,0.23229462,0.30878187,18.14925373
2026,Cole Young,SEA,106,31680,702284,Cole Young,23,98,29,23,2,2,2,10,5,5,0,12,3,0,0,1,0,2,0.295918367,0.047169811,0.113207547,0.416666666,0.349056603,0.418367346,0.767423949,0.122448979,0.321428571,14.496877482038556,1.9634936804590801,0.3391765676579385,124.54632182124398,0.888888888,0.2,0.376470588,0.423529411,0.083333333,0.055555555,0.0625,1,0.44186047,0.3255814,0.23255814,0.1627907,0.45348837,0.38372093,86,91.2294116749483,111.1,12.352941176470589,3,0.03488372,39,0.45348837,0.2948775500111396,0.40873469373125737,0.3337835740508898,167,71.74547005841832,0.23353293,6.907881351288207,0.40277778,0.34730539,0.18055556,0.15568862,28.44325612119572,4.673511952340246,0.04507168431481915,0.43712575,0.32631579,0.68508287,0.50134771,0.82258065,0.91129032,0.88172043,0.48787062,0.66981132,0.05929919,0.17250674,0.23180593,18.8754717
2026,Roman Anthony,BOS,101,31812,701350,Roman Anthony,22,84,18,14,3,1,0,10,3,16,1,27,1,0,0,0,2,0,0.214285714,0.158415841,0.267326732,0.592592592,0.346534653,0.273809523,0.620344176,0.059523809,0.315789473,9.827744968885682,-2.114441483562687,0.290313840508461,79.60042497654155,2,0.263157894,0.49122807,0.245614035,0,0,0,0,0.33333333,0.45614035,0.21052632,0.12280702,0.49122807,0.38596491,57,92.40178557804653,112.3,8.553571428571429,5,0.0877193,27,0.47368421,0.257662652030935,0.3618072273913793,0.3368213411392362,135,75.28578807689526,0.5037037,7.4961074617173935,0.38383838,0.28148148,0.22222222,0.16296296,33.36945813496907,11.547376747208613,0.6860612423331649,0.48148148,0.21962617,0.51941748,0.36666667,0.4893617,0.85046729,0.74025974,0.49047619,0.5049505,0.0952381,0.21904762,0.31428571,17.31329114
2026,Chandler Simpson,TBR,165,31912,802415,Chandler Simpson,37,156,40,35,3,2,0,22,7,7,0,22,0,1,1,2,8,7,0.256410256,0.042424242,0.133333333,0.318181818,0.286585365,0.301282051,0.587867416,0.044871795,0.296296296,12.30886388635195,-7.20064863497459,0.26219728843467993,63.38816222765607,2.961538461,0.213740458,0.587786259,0.198473282,0.076923076,0,0.103896103,0.6,0.29411765,0.35294118,0.35294118,0.125,0.69117647,0.18382353,136,84.87209308239841,99.9,3.8076923076923075,0,0,21,0.15441176,0.22953246897555185,0.26621428602178543,0.2361205488897538,227,65.0768055180621,0.00440529,6.507691557711967,0.44607843,0.40088106,0.01960784,0.01762115,28.99204212138306,3.5554648576722796,-4.306183286749713,0.37444934,0.30418251,0.60553633,0.46195652,0.85,0.95428571,0.92156863,0.52355072,0.69090909,0.03623188,0.21195652,0.24818841,18.85347044
2026,Jacob Wilson,ATH,105,33266,805779,Jacob Wilson,23,100,26,19,3,1,3,10,10,2,0,9,2,0,1,0,2,0,0.26,0.019047619,0.085714285,0.222222222,0.288461538,0.4,0.688461538,0.14,0.261363636,11.109328089927098,-1.305816241826155,0.30083805322647095,88.33102072084272,1.807692307,0.188888888,0.522222222,0.288888888,0.038461538,0.115384615,0.085106382,0.5,0.35869565,0.33695652,0.30434783,0.14130435,0.67391304,0.18478261,92,83.0640453702948,103.9,5.797752808988764,3,0.0326087,17,0.18478261,0.2618080827435761,0.3557878772191929,0.28485931947067816,167,65.60331696378971,0.01197605,6.414740910787068,0.3986014,0.34131737,0.05594406,0.04790419,35.37540732743497,6.864569446239286,-4.33764633286499,0.37724551,0.48648649,0.70068027,0.5813253,0.8,0.94174757,0.87564767,0.44277108,0.61904762,0.07228916,0.12650602,0.19879518,19.10176991
2026,Wyatt Langford,TEX,80,33333,694671,Wyatt Langford,18,68,18,10,4,0,4,14,9,11,0,14,1,0,0,2,3,0,0.264705882,0.1375,0.175,0.785714285,0.375,0.5,0.875,0.235294118,0.28,13.69665257905055,4.237494992952832,0.3818310208618641,149.04083553532044,0.909090909,0.222222222,0.37037037,0.407407407,0.09090909,0.181818181,0.1,0,0.46296296,0.31481481,0.22222222,0.18518519,0.40740741,0.40740741,54,88.87592633565266,111.3,17.14814814814815,6,0.11111111,24,0.44444444,0.24510294082574546,0.45923529314014183,0.3585840589250438,128,72.67696523666382,0.3125,6.925492845475674,0.37,0.2890625,0.18,0.140625,31.124932438135147,15.511751053854823,-7.24941827065777,0.546875,0.21875,0.71333333,0.45806452,0.6,0.87850467,0.80985915,0.48387097,0.5875,0.08709677,0.14516129,0.23225806,19.22943723
2026,Kevin McGonigle,DET,324,33572,805808,Kevin McGonigle,71,277,86,59,15,1,11,52,32,45,1,42,1,1,0,2,6,1,0.310469314,0.138888888,0.129629629,1.071428571,0.407407407,0.490974729,0.898382136,0.180505415,0.333333333,58.434680215725315,20.125091992029567,0.39315652552034835,155.2443351866179,0.633928571,0.224576271,0.300847457,0.474576271,0.071428571,0.098214285,0.056338028,0,0.40254237,0.3220339,0.27542373,0.11440678,0.54237288,0.34322034,236,89.24957653627557,109.5,20.88135593220339,20,0.08474576,93,0.3940678,0.2675869568741199,0.4545833358403626,0.3609536491328654,516,71.12176950587782,0.15503876,6.926687830178312,0.36425339,0.3120155,0.12669683,0.10852713,36.33335669096126,15.267876562980083,-1.5159133359241161,0.48255814,0.1749226,0.69756839,0.43865031,0.68141593,0.91285403,0.86713287,0.50460123,0.53703704,0.05828221,0.14723926,0.20552147,19.28057554
2026,A.J. Ewing,NYM,170,33656,805999,A.J. Ewing,37,153,34,23,9,0,2,22,8,14,0,44,1,2,0,0,9,1,0.222222222,0.082352941,0.258823529,0.318181818,0.288235294,0.320261437,0.608496731,0.098039215,0.293577981,14.167200953942707,-5.933508916514941,0.27301694435231827,72.74753336901925,1.263157894,0.225225225,0.432432432,0.342342342,0.078947368,0.052631578,0.104166666,0,0.38738739,0.36036036,0.25225225,0.09009009,0.53153153,0.37837838,111,89.43603598104941,106.7,11.513513513513514,9,0.08108108,47,0.42342342,0.23829411737030384,0.3742614392894229,0.2995274454026538,278,70.2594032013159,0.1294964,6.5857286624771225,0.32701422,0.24820144,0.14218009,0.10791367,35.880966790288475,11.011131969608849,4.427530565091389,0.4676259,0.25671642,0.70662461,0.47546012,0.55813953,0.85267857,0.77096774,0.48619632,0.6,0.10889571,0.15797546,0.26687117,18.38075314
2026,Jung Hoo Lee,SFG,85,33824,808982,Jung Hoo Lee,19,82,20,14,3,1,2,9,6,1,0,8,2,0,0,1,0,0,0.243902439,0.011764705,0.094117647,0.125,0.270588235,0.37804878,0.648637015,0.134146341,0.25,7.797726073015733,-2.252628862213091,0.2834207401556127,78.82636834212558,1.409090909,0.273972602,0.424657534,0.301369863,0.045454545,0.09090909,0.032258064,1,0.40540541,0.37837838,0.21621622,0.09459459,0.72972973,0.17567568,74,88.383561800604,105.6,11.767123287671232,2,0.02702703,23,0.31081081,0.29576829293737095,0.3871829254175082,0.3103160353596596,134,67.98579699957548,0.04477612,7.676867662970699,0.40336134,0.35820896,0.06722689,0.05970149,37.87836876200206,3.1931320513362316,2.254024111068071,0.3880597,0.35031847,0.64473684,0.49514563,0.76363636,0.94897959,0.88235294,0.49190939,0.65882353,0.05825243,0.19093851,0.24919094,19.13452915
2026,Travis Bazzana,CLE,176,34967,683953,Travis Bazzana,40,156,35,14,13,2,6,17,21,17,0,42,1,2,0,1,5,2,0.224358974,0.096590909,0.238636363,0.404761904,0.301136363,0.448717948,0.749854311,0.224358974,0.263636363,21.84088723951293,1.0307405500979536,0.32349059493704274,108.18174312702027,0.843137254,0.189655172,0.370689655,0.439655172,0.117647058,0.117647058,0.069767441,0,0.43103448,0.3362069,0.23275862,0.12931034,0.48275862,0.38793103,116,89.29827604622676,106.2,17.698275862068964,6,0.05172414,48,0.4137931,0.20787179526404287,0.3508717934802497,0.2829068563481666,280,70.38159392220633,0.16071429,7.140623826639993,0.33658537,0.24642857,0.11707317,0.08571429,33.56455198015485,12.321239403688482,4.032020208745131,0.52142857,0.28989362,0.61011905,0.44101124,0.51376147,0.84878049,0.73248408,0.47191011,0.55113636,0.11797753,0.17977528,0.29775281,19.6405959
2026,JJ Wetherholt,STL,567,34985,802139,JJ Wetherholt,123,487,120,89,14,0,17,87,48,62,2,92,16,2,0,5,14,1,0.24640657,0.109347442,0.162257495,0.673913043,0.349206349,0.379876796,0.729083145,0.133470226,0.271052631,72.3464575496701,5.304678158202534,0.3278237728945977,108.34218804536108,1.205479452,0.186868686,0.444444444,0.368686868,0.047945205,0.116438356,0.073863636,0,0.35516373,0.41057935,0.23425693,0.10579345,0.53400504,0.36020151,397,89.94999977033966,108.7,11.926020408163266,30,0.07556675,177,0.44584383,0.2562877852168401,0.438157349556644,0.3518601540781544,837,71.9283569089828,0.19832736,7.533869999711231,0.375,0.30824373,0.14825581,0.1218638,32.56283538800129,11.443573189536588,-6.188868957136623,0.6427718,0.20899471,0.62748644,0.415625,0.64978903,0.88040346,0.8216971,0.49375,0.58906526,0.07410714,0.18258929,0.25669643,18.07411835
2026,Sam Antonacci,CHW,305,35101,803011,Sam Antonacci,70,261,68,51,11,0,6,48,23,25,0,50,16,0,3,1,14,4,0.260536398,0.081967213,0.163934426,0.5,0.360927152,0.371647509,0.732574661,0.111111111,0.302439024,40.26383848512012,4.200800188122572,0.33329399591250136,113.543224957176,1.813559322,0.213270142,0.507109004,0.279620853,0.016949152,0.101694915,0.037383177,0,0.37383178,0.38785047,0.23831776,0.11682243,0.55140187,0.3317757,214,87.28523804800851,108,10.333333333333334,10,0.04672897,75,0.35046729,0.26587692269912133,0.380165386486512,0.33656778378393565,456,69.91720855445193,0.0877193,6.700683158740663,0.31282051,0.26754386,0.09487179,0.08114035,38.82176733016968,8.343117692687532,-7.529055560922675,0.49561404,0.21452145,0.64098361,0.42845395,0.70769231,0.90537084,0.85604607,0.50164474,0.58576052,0.06167763,0.18009868,0.24177632,18.84845133
2026,Nick Kurtz,ATH,167,35110,701762,Nick Kurtz,36,133,38,22,6,1,9,28,25,32,1,54,2,0,0,0,6,1,0.285714285,0.191616766,0.323353293,0.592592592,0.431137724,0.54887218,0.980009904,0.263157895,0.414285714,34.19059922897207,14.444607767993082,0.423347211386784,173.65931032940364,1.25,0.316455696,0.379746835,0.303797468,0.083333333,0.375,0.066666666,0,0.30379747,0.39240506,0.30379747,0.12658228,0.37974684,0.49367089,79,95.43797451936746,115.9,11.139240506329115,15,0.18987342,51,0.64556962,0.27231060476377467,0.5369924246465829,0.4128683162570903,253,78.20889059074311,0.81818182,7.827575419731291,0.3030303,0.19762846,0.23636364,0.1541502,38.176511040789336,13.025103738421036,-3.381827229538218,0.49802372,0.24242424,0.62658228,0.41292135,0.35416667,0.79292929,0.64965986,0.44382022,0.62275449,0.14466292,0.16151685,0.30617978,18.55575868
2026,Carson Benge,NYM,227,35177,701807,Carson Benge,50,210,59,44,6,2,7,30,23,13,0,49,4,0,0,1,5,2,0.28095238,0.057268722,0.21585903,0.265306122,0.334801762,0.428571428,0.76337319,0.147619048,0.337662337,30.43934708386264,3.5989874333103624,0.3358715223845931,114.8704258957945,1.160714285,0.248447204,0.403726708,0.347826086,0.017857142,0.125,0.03076923,0,0.31677019,0.40372671,0.27950311,0.13043478,0.50310559,0.36645963,161,88.9729558836739,109.8,14.446540880503145,15,0.0931677,65,0.40372671,0.29319711567950435,0.46531249968057425,0.35351041204813455,365,70.91505216833663,0.16712329,6.5678927081905,0.33101045,0.26027397,0.1358885,0.10684932,33.97225744169052,6.791119454086643,-2.5772925558972033,0.42191781,0.26666667,0.60416667,0.43809524,0.60483871,0.88965517,0.80434783,0.50793651,0.55506608,0.08571429,0.20529101,0.29100529,18.43375174
